truncate table game_api_provider;
truncate table game_api_interface;
truncate table game_api_interface_request;
truncate table game_api_interface_response;


INSERT INTO "game_api_provider" ("id", "abbr_name", "full_name", "api_url", "remarks", "jar_url", "api_class", "jar_version", "ext_json") VALUES ('1', 'DS', NULL, '', NULL, 'file:/data/impl-jars/api-ds.jar', 'so.wwb.gamebox.service.gameapi.impl.DsGameApi', to_char(CURRENT_TIMESTAMP,'YYMMDDHH24MISSMS'), '{"hashCode":"Testhy_a98sdf45a_f87df87_gf87g_d8f787"}');
INSERT INTO "game_api_provider" ("id", "abbr_name", "full_name", "api_url", "remarks", "jar_url", "api_class", "jar_version", "ext_json") VALUES ('2', 'KG', NULL, '', NULL, 'file:/data/impl-jars/api-kg.jar', 'so.wwb.gamebox.service.gameapi.impl.KgGameApi', to_char(CURRENT_TIMESTAMP,'YYMMDDHH24MISSMS'), '{"VendorId":"104","VendorSite":"","Token":"YXRnmKqVYCgeJQww","FundLink":""}');
INSERT INTO "game_api_provider" ("id", "abbr_name", "full_name", "api_url", "remarks", "jar_url", "api_class", "jar_version", "ext_json") VALUES ('3', 'MG', NULL, '', NULL, 'file:/data/impl-jars/api-mg.jar', 'so.wwb.gamebox.service.gameapi.impl.MgGameApi', to_char(CURRENT_TIMESTAMP,'YYMMDDHH24MISSMS'), '{"username":"DawooZAR","password":"Password123","defaultApiUser":"apiadmin","defaultApiPassword":"apipassword","currencyCode":"ZAR","SH_NET_ID":"80000495","horid":"80000483","ipaddress":"175.99.81.193","parentID":"Dawoo","API_URL":"/lps/j_spring_security_check","headers":{"X-Requested-With":"X-Api-Client","X-Api-Call":"X-Api-Client"}}');
INSERT INTO "game_api_provider" ("id", "abbr_name", "full_name", "api_url", "remarks", "jar_url", "api_class", "jar_version", "ext_json") VALUES ('4', 'IM', '', '', '', 'file:/data/impl-jars/api-im.jar', 'so.wwb.gamebox.service.gameapi.impl.ImGameApi', to_char(CURRENT_TIMESTAMP,'YYMMDDHH24MISSMS'), '{"pageDomain":"","accessCode":"d493cd95fb9bd9b4"}');
INSERT INTO "game_api_provider" ("id", "abbr_name", "full_name", "api_url", "remarks", "jar_url", "api_class", "jar_version", "ext_json") VALUES ('5', 'GD', '', '', '', 'file:/data/impl-jars/api-gd.jar', 'so.wwb.gamebox.service.gameapi.impl.GdGameApi', to_char(CURRENT_TIMESTAMP,'YYMMDDHH24MISSMS'), '{"MerchantID":"DaWoo","AccessKey":"12345","setNum":"500"}');
INSERT INTO "game_api_provider" ("id", "abbr_name", "full_name", "api_url", "remarks", "jar_url", "api_class", "jar_version", "ext_json") VALUES ('7', 'OG', '', '', '', 'file:/data/impl-jars/api-og.jar', 'so.wwb.gamebox.service.gameapi.impl.OgGameApi', to_char(CURRENT_TIMESTAMP,'YYMMDDHH24MISSMS'), '{"agent":"ceshidai","UserKey":"1111"}');
--新增PT,SLC
INSERT INTO "game_api_provider" ("id", "abbr_name", "full_name", "api_url", "remarks", "jar_url", "api_class", "jar_version", "ext_json") VALUES ('8', 'SLC', '', '', '', 'file:/data/impl-jars/api-slc.jar', 'so.wwb.gamebox.service.gameapi.impl.SlcGameApi', '20160224105022', '{"consumerId":"34","consumerPassword":"215985","prefix":"TZV","loginurl":"","xmlns":"","setNum":"100"}');
INSERT INTO "game_api_provider" ("id", "abbr_name", "full_name", "api_url", "remarks", "jar_url", "api_class", "jar_version", "ext_json") VALUES ('6', 'PT', '', '', '', 'file:/data/impl-jars/api-pt.jar', 'so.wwb.gamebox.service.gameapi.impl.PtGameApi', '20160224105022', '{"merchantname":"dawooprod","merchantcode":"QXk2MRtViePbJQSS8YCg781QU5yLDmgr","loginurl":""}');
--新增AG
INSERT INTO "game_api_provider" ("id", "abbr_name", "full_name", "api_url", "remarks", "jar_url", "api_class", "jar_version", "ext_json") VALUES ('9', 'AG', '', 'http://localhost:7777/mock/ag/api.html?params={0}&key={1}', '', 'gamebox-api/api-impl/ag/target/api-ag.jar', 'so.wwb.gamebox.service.gameapi.impl.AgGameApi', '201603181344', '{"cagent":"H48_AGIN","Encrypt_key":"lHNkkp0DX8La","MD5_key":"YDEZF2Nf","loginurl":"www.baidu.com"}');



INSERT INTO "game_api_interface" ("id", "protocol", "api_action", "local_action", "http_method", "remarks", "param_class", "result_class", "request_content_type", "response_content_type", "provider_id", "ext_json") VALUES ('2', 'HTTP', 'LOGIN', 'register', 'POST', 'DS-创建账号并登录到游戏平台，若账号已存在则直接登录', 'org.soul.model.gameapi.param.RegisterParam', 'org.soul.model.gameapi.result.RegisterResult', 'JSON', 'JSON', '1', NULL);
INSERT INTO "game_api_interface" ("id", "protocol", "api_action", "local_action", "http_method", "remarks", "param_class", "result_class", "request_content_type", "response_content_type", "provider_id", "ext_json") VALUES ('6', 'HTTP', 'DEPOSIT', 'deposit', 'POST', 'DS-转账到游戏平台', 'org.soul.model.gameapi.param.DepositParam', 'org.soul.model.gameapi.result.DepositResult', 'JSON', 'JSON', '1', NULL);
INSERT INTO "game_api_interface" ("id", "protocol", "api_action", "local_action", "http_method", "remarks", "param_class", "result_class", "request_content_type", "response_content_type", "provider_id", "ext_json") VALUES ('10', 'HTTP', 'LOGIN', 'login', 'POST', 'DS-登录到游戏平台', 'org.soul.model.gameapi.param.LoginParam', 'org.soul.model.gameapi.result.LoginResult', 'JSON', 'JSON', '1', NULL);
INSERT INTO "game_api_interface" ("id", "protocol", "api_action", "local_action", "http_method", "remarks", "param_class", "result_class", "request_content_type", "response_content_type", "provider_id", "ext_json") VALUES ('11', 'HTTP', 'WITHDRAW', 'withdraw', 'POST', 'DS-从游戏平台取款', 'org.soul.model.gameapi.param.WithdrawParam', 'org.soul.model.gameapi.result.WithdrawResult', 'JSON', 'JSON', '1', NULL);
INSERT INTO "game_api_interface" ("id", "protocol", "api_action", "local_action", "http_method", "remarks", "param_class", "result_class", "request_content_type", "response_content_type", "provider_id", "ext_json") VALUES ('14', 'HTTP', 'GET_BALANCE', 'fetchBalance', 'POST', 'DS-获取游戏平台即时余额', 'org.soul.model.gameapi.param.FetchBalanceParam', 'org.soul.model.gameapi.result.FetchBalanceResult', 'JSON', 'JSON', '1', NULL);
INSERT INTO "game_api_interface" ("id", "protocol", "api_action", "local_action", "http_method", "remarks", "param_class", "result_class", "request_content_type", "response_content_type", "provider_id", "ext_json") VALUES ('15', 'HTTP', 'GET_RECORD', 'fetchRecord', 'POST', 'DS-获取游戏平台注单', 'org.soul.model.gameapi.param.FetchRecordParam', 'org.soul.model.gameapi.result.FetchRecordResult', 'JSON', 'JSON', '1', NULL);
INSERT INTO "game_api_interface" ("id", "protocol", "api_action", "local_action", "http_method", "remarks", "param_class", "result_class", "request_content_type", "response_content_type", "provider_id", "ext_json") VALUES ('18', 'HTTP', 'GET_ADJUSTED_RECORD', 'fetchModifiedRecord', 'POST', 'DS-获取游戏平台修改游戏局影响的注单ID', 'org.soul.model.gameapi.param.FetchModifiedRecordParam', 'org.soul.model.gameapi.result.FetchModifiedRecordResult', 'JSON', 'JSON', '1', NULL);
INSERT INTO "game_api_interface" ("id", "protocol", "api_action", "local_action", "http_method", "remarks", "param_class", "result_class", "request_content_type", "response_content_type", "provider_id", "ext_json") VALUES ('20', 'HTTP', 'CHECK_REF', 'checkTransfer', 'POST', 'DS-验证存取款交易号是否已经处理', 'org.soul.model.gameapi.param.CheckTransferParam', 'org.soul.model.gameapi.result.CheckTransferResult', 'JSON', 'JSON', '1', NULL);
INSERT INTO "game_api_interface" ("id", "protocol", "api_action", "local_action", "http_method", "remarks", "param_class", "result_class", "request_content_type", "response_content_type", "provider_id", "ext_json") VALUES ('21', 'HTTP', '/lps/secure/network/80000495/downline', 'register', 'PUT', 'MG-注册玩家账号', 'org.soul.model.gameapi.param.RegisterParam', 'org.soul.model.gameapi.result.RegisterResult', 'JSON', 'JSON', '3', '{"headers":{"X-Requested-With":"X-Api-Client","X-Api-Call":"X-Api-Client","Content-Type":"application/json"},"additional":{"crId":"80000483","crType":"hor","neId":"80000495","neType":"sh","tarType":"m","mobile":"","email":"","casino":{"enable":true},"poker":{"enable":false}}}');
INSERT INTO "game_api_interface" ("id", "protocol", "api_action", "local_action", "http_method", "remarks", "param_class", "result_class", "request_content_type", "response_content_type", "provider_id", "ext_json") VALUES ('22', 'HTTP', '/member-api-web/member-api', 'login', 'POST', 'MG-玩家登入', 'org.soul.model.gameapi.param.LoginParam', 'org.soul.model.gameapi.result.LoginResult', 'XML', 'XML', '3', '{"header":{"Content-Type":"application/xml"}}');
INSERT INTO "game_api_interface" ("id", "protocol", "api_action", "local_action", "http_method", "remarks", "param_class", "result_class", "request_content_type", "response_content_type", "provider_id", "ext_json") VALUES ('23', 'HTTP', '/member-api-web/member-api', 'deposit', 'POST', 'MG-玩家充值', 'org.soul.model.gameapi.param.DepositParam', 'org.soul.model.gameapi.result.DepositResult', 'XML', 'XML', '3', '{"headers":{"Content-Type":"application/xml"}}');
INSERT INTO "game_api_interface" ("id", "protocol", "api_action", "local_action", "http_method", "remarks", "param_class", "result_class", "request_content_type", "response_content_type", "provider_id", "ext_json") VALUES ('24', 'HTTP', '/member-api-web/member-api', 'withdraw', 'POST', 'MG-玩家取款', 'org.soul.model.gameapi.param.WithdrawParam', 'org.soul.model.gameapi.result.WithdrawResult', 'XML', 'XML', '3', '{"headers":{"Content-Type":"application/xml"}}');
INSERT INTO "game_api_interface" ("id", "protocol", "api_action", "local_action", "http_method", "remarks", "param_class", "result_class", "request_content_type", "response_content_type", "provider_id", "ext_json") VALUES ('25', 'HTTP', '/member-api-web/member-api', 'fetchBalance', 'POST', 'MG-玩家余额', 'org.soul.model.gameapi.param.FetchBalanceParam', 'org.soul.model.gameapi.result.FetchBalanceResult', 'XML', 'XML', '3', '{"headers":{"Content-Type":"application/xml"}}');
INSERT INTO "game_api_interface" ("id", "protocol", "api_action", "local_action", "http_method", "remarks", "param_class", "result_class", "request_content_type", "response_content_type", "provider_id", "ext_json") VALUES ('26', 'HTTP', '/lps/secure/hortx/', 'fetchRecord', 'GET', 'MG-游戏注单记录', 'org.soul.model.gameapi.param.FetchRecordParam', 'org.soul.model.gameapi.result.FetchRecordResult', 'FORM', 'JSON', '3', '{"headers":{"X-Requested-With":"X-Api-Client","X-Api-Call":"X-Api-Client","Content-Type":"text/html"}}');
INSERT INTO "game_api_interface" ("id", "protocol", "api_action", "local_action", "http_method", "remarks", "param_class", "result_class", "request_content_type", "response_content_type", "provider_id", "ext_json") VALUES ('27', 'HTTP', '/member-api-web/member-api', 'checkTransfer', 'POST', 'MG-验证存取款交易号是否已经处理', 'org.soul.model.gameapi.param.CheckTransferParam', 'org.soul.model.gameapi.result.CheckTransferResult', 'XML', 'XML', '3', '{"headers":{"Content-Type":"application/xml"}}');
INSERT INTO "game_api_interface" ("id", "protocol", "api_action", "local_action", "http_method", "remarks", "param_class", "result_class", "request_content_type", "response_content_type", "provider_id", "ext_json") VALUES ('28', 'HTTP', 'player_enter_keno', 'checkTransfer', 'POST', 'KG-验证存取款交易号是否已经处理', 'org.soul.model.gameapi.param.CheckTransferParam', 'org.soul.model.gameapi.result.CheckTransferResult', 'XML', 'XML', '2', NULL);
INSERT INTO "game_api_interface" ("id", "protocol", "api_action", "local_action", "http_method", "remarks", "param_class", "result_class", "request_content_type", "response_content_type", "provider_id", "ext_json") VALUES ('30', 'HTTP', 'player_enter_keno.php', 'register', 'POST', 'KG-若账号已存在则直接登录', 'org.soul.model.gameapi.param.RegisterParam', 'org.sourl.model.gameapi.result.RegisterResult', 'XML', 'XML', '2', NULL);
INSERT INTO "game_api_interface" ("id", "protocol", "api_action", "local_action", "http_method", "remarks", "param_class", "result_class", "request_content_type", "response_content_type", "provider_id", "ext_json") VALUES ('31', 'HTTP', 'player_enter_keno.php', 'login', 'POST', 'KG-登录到游戏平台', 'org.soul.model.gameapi.param.LoginParam', 'org.soul.model.gameapi.result.LoginResult', 'XML', 'XML', '2', NULL);
INSERT INTO "game_api_interface" ("id", "protocol", "api_action", "local_action", "http_method", "remarks", "param_class", "result_class", "request_content_type", "response_content_type", "provider_id", "ext_json") VALUES ('32', 'HTTP', 'player_fund_in_out_first.php', 'deposit', 'POST', 'KG-转账到游戏平台', 'org.soul.model.gameapi.param.DepositParam', 'org.soul.model.gameapi.result.DepositResult', 'XML', 'XML', '2', NULL );
INSERT INTO "game_api_interface" ("id", "protocol", "api_action", "local_action", "http_method", "remarks", "param_class", "result_class", "request_content_type", "response_content_type", "provider_id", "ext_json") VALUES ('33', 'HTTP', 'player_fund_in_out_first.php', 'withdraw', 'POST', 'KG-从游戏平台取款', 'org.soul.model.gameapi.param.WithdrawParam', 'org.soul.model.gameapi.result.WithdrawResult', 'XML', 'XML', '2', NUll);
INSERT INTO "game_api_interface" ("id", "protocol", "api_action", "local_action", "http_method", "remarks", "param_class", "result_class", "request_content_type", "response_content_type", "provider_id", "ext_json") VALUES ('34', 'HTTP', 'player_get_credit.php', 'fetchBalance', 'POST', 'KG-获取游戏平台即时余额', 'org.soul.model.gameapi.param.FetchBalanceParam', 'org.soul.model.gameapi.result.FetchBalanceResult', 'XML', 'XML', '2', NULL);
INSERT INTO "game_api_interface" ("id", "protocol", "api_action", "local_action", "http_method", "remarks", "param_class", "result_class", "request_content_type", "response_content_type", "provider_id", "ext_json") VALUES ('35', 'HTTP', 'GameInfo.php', 'fetchRecord', 'POST', 'KG-获取游戏平台注单', 'org.soul.model.gameapi.param.FetchRecordParam', 'org.soul.model.gameapi.result.FetchRecordResult', 'XML', 'JSON', '2', NULL);
INSERT INTO "game_api_interface" ("id", "protocol", "api_action", "local_action", "http_method", "remarks", "param_class", "result_class", "request_content_type", "response_content_type", "provider_id", "ext_json") VALUES ('36', 'HTTP', 'player_fund_in_out_confirm.php', 'confirm_trans', 'POST', 'KG-确认转账', 'org.soul.model.gameapi.param.ConfirmTransParam', 'org.soul.model.gameapi.result.ConfirmTransResult', 'XML', 'JSON', '2', '');
INSERT INTO "game_api_interface" ("id", "protocol", "api_action", "local_action", "http_method", "remarks", "param_class", "result_class", "request_content_type", "response_content_type", "provider_id", "ext_json") VALUES ('101', 'HTTP', 'loginXML', 'login', 'POST', 'IM-登录到游戏平台', 'org.soul.model.gameapi.param.LoginParam', 'org.soul.model.gameapi.result.LoginResult', 'XML', 'XML', '4', '{"validateTokenExpire":5}');
INSERT INTO "game_api_interface" ("id", "protocol", "api_action", "local_action", "http_method", "remarks", "param_class", "result_class", "request_content_type", "response_content_type", "provider_id", "ext_json") VALUES ('102', 'HTTP', 'loginXML', 'register', 'POST', 'IM-登录到游戏平台', 'org.soul.model.gameapi.param.LoginParam', 'org.soul.model.gameapi.result.LoginResult', 'XML', 'XML', '4', '{"validateTokenExpire":5}');
INSERT INTO "game_api_interface" ("id", "protocol", "api_action", "local_action", "http_method", "remarks", "param_class", "result_class", "request_content_type", "response_content_type", "provider_id", "ext_json") VALUES ('103', 'HTTP', 'logoutXML', 'kickOut', 'POST', 'IM-强制登出', 'org.soul.model.gameapi.param.KickOutParam', 'org.soul.model.gameapi.result.KickOutResult', 'XML', 'XML', '4', '');
INSERT INTO "game_api_interface" ("id", "protocol", "api_action", "local_action", "http_method", "remarks", "param_class", "result_class", "request_content_type", "response_content_type", "provider_id", "ext_json") VALUES ('104', 'HTTP', 'depositXML', 'deposit', 'POST', 'IM-转账到游戏平台', 'org.soul.model.gameapi.param.DepositParam', 'org.soul.model.gameapi.result.KickOutResult', 'XML', 'XML', '4', '{"validateTokenExpire":5}');
INSERT INTO "game_api_interface" ("id", "protocol", "api_action", "local_action", "http_method", "remarks", "param_class", "result_class", "request_content_type", "response_content_type", "provider_id", "ext_json") VALUES ('105', 'HTTP', 'withdrawXML', 'withdraw', 'POST', 'IM-从游戏平台取款', 'org.soul.model.gameapi.param.DepositParam', 'org.soul.model.gameapi.result.KickOutResult', 'XML', 'XML', '4', '{"validateTokenExpire":5}');
INSERT INTO "game_api_interface" ("id", "protocol", "api_action", "local_action", "http_method", "remarks", "param_class", "result_class", "request_content_type", "response_content_type", "provider_id", "ext_json") VALUES ('106', 'HTTP', 'getTransferStatusXML', 'checkTransfer', 'POST', 'IM-从游戏平台中查询订单处理状态', 'org.soul.model.gameapi.param.CheckTransferParam', 'org.soul.model.gameapi.result.CheckTransferResult', 'XML', 'XML', '4', '');
INSERT INTO "game_api_interface" ("id", "protocol", "api_action", "local_action", "http_method", "remarks", "param_class", "result_class", "request_content_type", "response_content_type", "provider_id", "ext_json") VALUES ('107', 'HTTP', 'getMemberBalanceXML', 'fetchBalance', 'POST', 'IM-从游戏平台中查询玩家余额', 'org.soul.model.gameapi.param.FetchBalanceParam', 'org.soul.model.gameapi.result.FetchBalanceResult', 'XML', 'XML', '4', '');
INSERT INTO "game_api_interface" ("id", "protocol", "api_action", "local_action", "http_method", "remarks", "param_class", "result_class", "request_content_type", "response_content_type", "provider_id", "ext_json") VALUES ('108', 'HTTP', 'getMemberBetDetailsByBetDatetimeXML', 'fetchRecord', 'POST', 'IM-从游戏平台中查询玩家余额', 'org.soul.model.gameapi.param.FetchRecordParam', 'org.soul.model.gameapi.result.FetchRecordResult', 'XML', 'XML', '4', '');


INSERT INTO "game_api_interface" ("id", "protocol", "api_action", "local_action", "http_method", "remarks", "param_class", "result_class", "request_content_type", "response_content_type", "provider_id", "ext_json") VALUES ('56', 'HTTP', '', 'checkTransfer', 'POST', 'GD-验证存取款交易号是否已经处理', 'org.soul.model.gameapi.param.CheckTransferParam', 'org.soul.model.gameapi.result.CheckTransferResult', 'XML', 'XML', '5', '');
INSERT INTO "game_api_interface" ("id", "protocol", "api_action", "local_action", "http_method", "remarks", "param_class", "result_class", "request_content_type", "response_content_type", "provider_id", "ext_json") VALUES ('57', 'HTTP', '', 'fetchBalance', 'POST', 'GD-获取游戏平台即时余额', 'org.soul.model.gameapi.param.FetchBalanceParam', 'org.soul.model.gameapi.result.FetchBalanceResult', 'XML', 'XML', '5', '');
INSERT INTO "game_api_interface" ("id", "protocol", "api_action", "local_action", "http_method", "remarks", "param_class", "result_class", "request_content_type", "response_content_type", "provider_id", "ext_json") VALUES ('58', 'HTTP', '', 'fetchRecord', 'POST', 'GD-获取游戏平台注单', 'org.soul.model.gameapi.param.FetchRecordParam', 'org.soul.model.gameapi.result.FetchRecordResult', 'XML', 'XML', '5', '');
INSERT INTO "game_api_interface" ("id", "protocol", "api_action", "local_action", "http_method", "remarks", "param_class", "result_class", "request_content_type", "response_content_type", "provider_id", "ext_json") VALUES ('51', 'HTTP', '', 'register', 'POST', 'GD-注册', 'org.soul.model.gameapi.param.RegisterParam', 'org.soul.model.gameapi.result.RegisterResult', 'XML', 'XML', '5', '');
INSERT INTO "game_api_interface" ("id", "protocol", "api_action", "local_action", "http_method", "remarks", "param_class", "result_class", "request_content_type", "response_content_type", "provider_id", "ext_json") VALUES ('52', 'HTTP', '', 'kickOut', 'POST', 'GD-强制登出', 'org.soul.model.gameapi.param.KickOutParam', 'org.soul.model.gameapi.result.KickOutResult', 'XML', 'XML', '5', '');
INSERT INTO "game_api_interface" ("id", "protocol", "api_action", "local_action", "http_method", "remarks", "param_class", "result_class", "request_content_type", "response_content_type", "provider_id", "ext_json") VALUES ('53', 'HTTP', '', 'login', 'POST', 'GD-登录到游戏平台', 'org.soul.model.gameapi.param.LoginParam', 'org.soul.model.gameapi.result.LoginResult', 'XML', 'XML', '5', '');
INSERT INTO "game_api_interface" ("id", "protocol", "api_action", "local_action", "http_method", "remarks", "param_class", "result_class", "request_content_type", "response_content_type", "provider_id", "ext_json") VALUES ('54', 'HTTP', '', 'deposit', 'POST', 'GD-转账到游戏平台', 'org.soul.model.gameapi.param.DepositParam', 'org.soul.model.gameapi.result.DepositResult', 'XML', 'XML', '5', '');
INSERT INTO "game_api_interface" ("id", "protocol", "api_action", "local_action", "http_method", "remarks", "param_class", "result_class", "request_content_type", "response_content_type", "provider_id", "ext_json") VALUES ('55', 'HTTP', '', 'withdraw', 'POST', 'GD-从游戏平台取款', 'org.soul.model.gameapi.param.WithdrawParam', 'org.soul.model.gameapi.result.WithdrawResult', 'XML', 'XML', '5', '');

INSERT INTO "game_api_interface" ("id", "protocol", "api_action", "local_action", "http_method", "remarks", "param_class", "result_class", "request_content_type", "response_content_type", "provider_id", "ext_json") VALUES ('150', 'HTTP', 'api.html', 'register', 'POST', 'OG-创建账号并登录到游戏平台，', 'org.soul.model.gameapi.param.RegisterParam', 'org.soul.model.gameapi.result.RegisterResult', 'FORM', 'XML', '7', '');
INSERT INTO "game_api_interface" ("id", "protocol", "api_action", "local_action", "http_method", "remarks", "param_class", "result_class", "request_content_type", "response_content_type", "provider_id", "ext_json") VALUES ('151', 'HTTP', 'api.html', 'login', 'POST', 'OG-登录到游戏平台', 'org.soul.model.gameapi.param.LoginParam', 'org.soul.model.gameapi.result.LoginResult', 'FORM', 'XML', '7', '');
INSERT INTO "game_api_interface" ("id", "protocol", "api_action", "local_action", "http_method", "remarks", "param_class", "result_class", "request_content_type", "response_content_type", "provider_id", "ext_json") VALUES ('152', 'HTTP', 'api.html', 'deposit', 'POST', 'OG-转账到游戏平台', 'org.soul.model.gameapi.param.DepositParam', 'org.soul.model.gameapi.result.DepositResult', 'FORM', 'XML', '7', '');
INSERT INTO "game_api_interface" ("id", "protocol", "api_action", "local_action", "http_method", "remarks", "param_class", "result_class", "request_content_type", "response_content_type", "provider_id", "ext_json") VALUES ('153', 'HTTP', 'api.html', 'withdraw', 'POST', 'OG-从游戏平台取款', 'org.soul.model.gameapi.param.WithdrawParam', 'org.soul.model.gameapi.result.WithdrawResult', 'FORM', 'XML', '7', '');
INSERT INTO "game_api_interface" ("id", "protocol", "api_action", "local_action", "http_method", "remarks", "param_class", "result_class", "request_content_type", "response_content_type", "provider_id", "ext_json") VALUES ('154', 'HTTP', 'api.html', 'fetchBalance', 'POST', 'OG-获取游戏平台即时余额', 'org.soul.model.gameapi.param.FetchBalanceParam', 'org.soul.model.gameapi.result.FetchBalanceResult', 'FORM', 'XML', '7', '');
INSERT INTO "game_api_interface" ("id", "protocol", "api_action", "local_action", "http_method", "remarks", "param_class", "result_class", "request_content_type", "response_content_type", "provider_id", "ext_json") VALUES ('155', 'HTTP', 'api.html', 'fetchRecord', 'POST', 'OG-获取游戏平台注单', 'org.soul.model.gameapi.param.FetchRecordParam', 'org.soul.model.gameapi.result.FetchRecordResult', 'FORM', 'XML', '7', '');
INSERT INTO "game_api_interface" ("id", "protocol", "api_action", "local_action", "http_method", "remarks", "param_class", "result_class", "request_content_type", "response_content_type", "provider_id", "ext_json") VALUES ('156', 'HTTP', 'api.html', 'fetchModifiedRecord', 'POST', 'OG-暂不支持', 'org.soul.model.gameapi.param.FetchModifiedRecordParam', 'org.soul.model.gameapi.result.FetchModifiedRecordResult', 'FORM', 'XML', '7', '');
INSERT INTO "game_api_interface" ("id", "protocol", "api_action", "local_action", "http_method", "remarks", "param_class", "result_class", "request_content_type", "response_content_type", "provider_id", "ext_json") VALUES ('157', 'HTTP', 'api.html', 'checkTransfer', 'POST', 'OG-验证存取款交易号是否已经处理', 'org.soul.model.gameapi.param.CheckTransferParam', 'org.soul.model.gameapi.result.CheckTransferResult', 'FORM', 'XML', '7', '');
INSERT INTO "game_api_interface" ("id", "protocol", "api_action", "local_action", "http_method", "remarks", "param_class", "result_class", "request_content_type", "response_content_type", "provider_id", "ext_json") VALUES ('158', 'HTTP', 'api.html', 'kickOut', 'POST', 'OG-强制登出', 'org.soul.model.gameapi.param.KickOutParam', 'org.soul.model.gameapi.result.KickOutResult', 'FORM', 'XML', '7', '');
--新增PT,SLC
INSERT INTO "game_api_interface" ("id", "protocol", "api_action", "local_action", "http_method", "remarks", "param_class", "result_class", "request_content_type", "response_content_type", "provider_id", "ext_json") VALUES ('160', 'HTTP', 'player/createplayer', 'register', 'POST', 'PT-创建账号并登录到游戏平台，', 'org.soul.model.gameapi.param.RegisterParam', 'org.soul.model.gameapi.result.RegisterResult', 'JSON', 'JSON', '6', '');
INSERT INTO "game_api_interface" ("id", "protocol", "api_action", "local_action", "http_method", "remarks", "param_class", "result_class", "request_content_type", "response_content_type", "provider_id", "ext_json") VALUES ('161', 'HTTP', 'game/launchgame', 'login', 'POST', 'PT-登录到游戏平台', 'org.soul.model.gameapi.param.LoginParam', 'org.soul.model.gameapi.result.LoginResult', 'JSON', 'JSON', '6', '');
INSERT INTO "game_api_interface" ("id", "protocol", "api_action", "local_action", "http_method", "remarks", "param_class", "result_class", "request_content_type", "response_content_type", "provider_id", "ext_json") VALUES ('162', 'HTTP', 'chip/createtransaction', 'deposit', 'POST', 'PT-转账到游戏平台', 'org.soul.model.gameapi.param.DepositParam', 'org.soul.model.gameapi.result.DepositResult', 'JSON', 'JSON', '6', '');
INSERT INTO "game_api_interface" ("id", "protocol", "api_action", "local_action", "http_method", "remarks", "param_class", "result_class", "request_content_type", "response_content_type", "provider_id", "ext_json") VALUES ('163', 'HTTP', 'chip/createtransaction', 'withdraw', 'POST', 'PT-从游戏平台取款', 'org.soul.model.gameapi.param.WithdrawParam', 'org.soul.model.gameapi.result.WithdrawResult', 'JSON', 'JSON', '6', '');
INSERT INTO "game_api_interface" ("id", "protocol", "api_action", "local_action", "http_method", "remarks", "param_class", "result_class", "request_content_type", "response_content_type", "provider_id", "ext_json") VALUES ('164', 'HTTP', 'account/getbalance/membercode/{0}/producttype/{1}', 'fetchBalance', 'GET', 'PT-获取游戏平台即时余额', 'org.soul.model.gameapi.param.FetchBalanceParam', 'org.soul.model.gameapi.result.FetchBalanceResult', 'JSON', 'JSON', '6', '');
INSERT INTO "game_api_interface" ("id", "protocol", "api_action", "local_action", "http_method", "remarks", "param_class", "result_class", "request_content_type", "response_content_type", "provider_id", "ext_json") VALUES ('165', 'HTTP', 'report/getbetlog/startdate/{0}/enddate/{1}/page/{2}/producttype/{３}/currency/{4}', 'fetchRecord', 'GET', 'PT-获取游戏平台注单', 'org.soul.model.gameapi.param.FetchRecordParam', 'org.soul.model.gameapi.result.FetchRecordResult', 'JSON', 'JSON', '6', '');
INSERT INTO "game_api_interface" ("id", "protocol", "api_action", "local_action", "http_method", "remarks", "param_class", "result_class", "request_content_type", "response_content_type", "provider_id", "ext_json") VALUES ('166', 'HTTP', '', 'fetchModifiedRecord', 'POST', 'PT-暂不支持', 'org.soul.model.gameapi.param.FetchModifiedRecordParam', 'org.soul.model.gameapi.result.FetchModifiedRecordResult', 'JSON', 'JSON', '6', '');
INSERT INTO "game_api_interface" ("id", "protocol", "api_action", "local_action", "http_method", "remarks", "param_class", "result_class", "request_content_type", "response_content_type", "provider_id", "ext_json") VALUES ('167', 'HTTP', 'chip/checktransaction/membercode/{0}/externaltransactionid/{1}/producttype/{2}', 'checkTransfer', 'GET', 'PT-验证存取款交易号是否已经处理', 'org.soul.model.gameapi.param.CheckTransferParam', 'org.soul.model.gameapi.result.CheckTransferResult', 'JSON', 'JSON', '6', '');
INSERT INTO "game_api_interface" ("id", "protocol", "api_action", "local_action", "http_method", "remarks", "param_class", "result_class", "request_content_type", "response_content_type", "provider_id", "ext_json") VALUES ('168', 'HTTP', 'player/killsession', 'kickOut', 'PUT', 'PT-强制登出', 'org.soul.model.gameapi.param.KickOutParam', 'org.soul.model.gameapi.result.KickOutResult', 'JSON', 'JSON', '6', '');
INSERT INTO "game_api_interface" ("id", "protocol", "api_action", "local_action", "http_method", "remarks", "param_class", "result_class", "request_content_type", "response_content_type", "provider_id", "ext_json") VALUES ('180', 'HTTP', '', 'login', 'POST', 'SLC-登录到游戏平台', 'org.soul.model.gameapi.param.LoginParam', 'org.soul.model.gameapi.result.LoginResult', 'XML', 'XML', '8', '');
INSERT INTO "game_api_interface" ("id", "protocol", "api_action", "local_action", "http_method", "remarks", "param_class", "result_class", "request_content_type", "response_content_type", "provider_id", "ext_json") VALUES ('181', 'HTTP', '', 'deposit', 'POST', 'SLC-转账到游戏平台', 'org.soul.model.gameapi.param.DepositParam', 'org.soul.model.gameapi.result.DepositResult', 'XML', 'XML', '8', '');
INSERT INTO "game_api_interface" ("id", "protocol", "api_action", "local_action", "http_method", "remarks", "param_class", "result_class", "request_content_type", "response_content_type", "provider_id", "ext_json") VALUES ('182', 'HTTP', '', 'withdraw', 'POST', 'SLC-从游戏平台取款', 'org.soul.model.gameapi.param.WithdrawParam', 'org.soul.model.gameapi.result.WithdrawResult', 'XML', 'XML', '8', '');
INSERT INTO "game_api_interface" ("id", "protocol", "api_action", "local_action", "http_method", "remarks", "param_class", "result_class", "request_content_type", "response_content_type", "provider_id", "ext_json") VALUES ('183', 'HTTP', '', 'fetchBalance', 'POST', 'SLC-获取游戏平台即时余额', 'org.soul.model.gameapi.param.FetchBalanceParam', 'org.soul.model.gameapi.result.FetchBalanceResult', 'XML', 'XML', '8', '');
INSERT INTO "game_api_interface" ("id", "protocol", "api_action", "local_action", "http_method", "remarks", "param_class", "result_class", "request_content_type", "response_content_type", "provider_id", "ext_json") VALUES ('184', 'HTTP', '', 'fetchRecord', 'POST', 'SLC-获取游戏平台注单', 'org.soul.model.gameapi.param.FetchRecordParam', 'org.soul.model.gameapi.result.FetchRecordResult', 'XML', 'XML', '8', '');
INSERT INTO "game_api_interface" ("id", "protocol", "api_action", "local_action", "http_method", "remarks", "param_class", "result_class", "request_content_type", "response_content_type", "provider_id", "ext_json") VALUES ('185', 'HTTP', '', 'fetchModifiedRecord', 'POST', 'SLC-暂不支持', 'org.soul.model.gameapi.param.FetchModifiedRecordParam', 'org.soul.model.gameapi.result.FetchModifiedRecordResult', 'XML', 'XML', '8', '');
INSERT INTO "game_api_interface" ("id", "protocol", "api_action", "local_action", "http_method", "remarks", "param_class", "result_class", "request_content_type", "response_content_type", "provider_id", "ext_json") VALUES ('186', 'HTTP', '', 'checkTransfer', 'POST', 'SLC-验证存取款交易号是否已经处理', 'org.soul.model.gameapi.param.CheckTransferParam', 'org.soul.model.gameapi.result.CheckTransferResult', 'XML', 'XML', '8', '');
INSERT INTO "game_api_interface" ("id", "protocol", "api_action", "local_action", "http_method", "remarks", "param_class", "result_class", "request_content_type", "response_content_type", "provider_id", "ext_json") VALUES ('187', 'HTTP', '', 'kickOut', 'POST', 'SLC-强制登出', 'org.soul.model.gameapi.param.KickOutParam', 'org.soul.model.gameapi.result.KickOutResult', 'XML', 'XML', '8', '');
INSERT INTO "game_api_interface" ("id", "protocol", "api_action", "local_action", "http_method", "remarks", "param_class", "result_class", "request_content_type", "response_content_type", "provider_id", "ext_json") VALUES ('188', 'HTTP', '', 'register', 'POST', 'SLC-创建账号并登录到游戏平台，', 'org.soul.model.gameapi.param.RegisterParam', 'org.soul.model.gameapi.result.RegisterResult', 'XML', 'XML', '8', '');

--新增AG
INSERT INTO "game_api_interface" ("id", "protocol", "api_action", "local_action", "http_method", "remarks", "param_class", "result_class", "request_content_type", "response_content_type", "provider_id", "ext_json") VALUES ('190', 'HTTP', '', 'register', 'POST', 'AG-创建账号并登录到游戏平台，', 'org.soul.model.gameapi.param.RegisterParam', 'org.soul.model.gameapi.result.RegisterResult', 'XML', 'XML', '9', '');
INSERT INTO "game_api_interface" ("id", "protocol", "api_action", "local_action", "http_method", "remarks", "param_class", "result_class", "request_content_type", "response_content_type", "provider_id", "ext_json") VALUES ('191', 'HTTP', '', 'login', 'POST', 'AG-登录到游戏平台', 'org.soul.model.gameapi.param.LoginParam', 'org.soul.model.gameapi.result.LoginResult', 'XML', 'XML', '9', '');
INSERT INTO "game_api_interface" ("id", "protocol", "api_action", "local_action", "http_method", "remarks", "param_class", "result_class", "request_content_type", "response_content_type", "provider_id", "ext_json") VALUES ('192', 'HTTP', '', 'kickOut', 'POST', 'AG-强制登出', 'org.soul.model.gameapi.param.KickOutParam', 'org.soul.model.gameapi.result.KickOutResult', 'XML', 'XML', '9', '');
INSERT INTO "game_api_interface" ("id", "protocol", "api_action", "local_action", "http_method", "remarks", "param_class", "result_class", "request_content_type", "response_content_type", "provider_id", "ext_json") VALUES ('194', 'HTTP', '', 'withdraw', 'POST', 'AG-从游戏平台取款', 'org.soul.model.gameapi.param.WithdrawParam', 'org.soul.model.gameapi.result.WithdrawResult', 'XML', 'XML', '9', '');
INSERT INTO "game_api_interface" ("id", "protocol", "api_action", "local_action", "http_method", "remarks", "param_class", "result_class", "request_content_type", "response_content_type", "provider_id", "ext_json") VALUES ('195', 'HTTP', '', 'deposit', 'POST', 'AG-转账到游戏平台', 'org.soul.model.gameapi.param.DepositParam', 'org.soul.model.gameapi.result.DepositResult', 'XML', 'XML', '9', '');
INSERT INTO "game_api_interface" ("id", "protocol", "api_action", "local_action", "http_method", "remarks", "param_class", "result_class", "request_content_type", "response_content_type", "provider_id", "ext_json") VALUES ('196', 'HTTP', '', 'fetchBalance', 'POST', 'AG-获取游戏平台即时余额', 'org.soul.model.gameapi.param.FetchBalanceParam', 'org.soul.model.gameapi.result.FetchBalanceResult', 'XML', 'XML', '9', '');
INSERT INTO "game_api_interface" ("id", "protocol", "api_action", "local_action", "http_method", "remarks", "param_class", "result_class", "request_content_type", "response_content_type", "provider_id", "ext_json") VALUES ('197', 'HTTP', '', 'fetchRecord', 'POST', 'AG-获取游戏平台注单', 'org.soul.model.gameapi.param.FetchRecordParam', 'org.soul.model.gameapi.result.FetchRecordResult', 'XML', 'XML', '9', '');
INSERT INTO "game_api_interface" ("id", "protocol", "api_action", "local_action", "http_method", "remarks", "param_class", "result_class", "request_content_type", "response_content_type", "provider_id", "ext_json") VALUES ('198', 'HTTP', '', 'checkTransfer', 'POST', 'AG-验证存取款交易号是否已经处理', 'org.soul.model.gameapi.param.CheckTransferParam', 'org.soul.model.gameapi.result.CheckTransferResult', 'XML', 'XML', '9', '');
INSERT INTO "game_api_interface" ("id", "protocol", "api_action", "local_action", "http_method", "remarks", "param_class", "result_class", "request_content_type", "response_content_type", "provider_id", "ext_json") VALUES ('199', 'HTTP', '', 'fetchModifiedRecord', 'POST', 'AG-暂不支持', 'org.soul.model.gameapi.param.FetchModifiedRecordParam', 'org.soul.model.gameapi.result.FetchModifiedRecordResult', 'XML', 'XML', '9', '');
INSERT INTO "game_api_interface" ("id", "protocol", "api_action", "local_action", "http_method", "remarks", "param_class", "result_class", "request_content_type", "response_content_type", "provider_id", "ext_json") VALUES ('200', 'HTTP', '', 'confirm_trans', 'POST', 'AG-确认转账', 'org.soul.model.gameapi.param.ConfirmTransParam', 'org.soul.model.gameapi.result.ConfirmTransResult', 'XML', 'XML', '9', '');



INSERT INTO "game_api_interface_request" ("id", "api_field_name", "property_name", "required", "min_length", "max_length", "reg_exp", "default_value", "interface_id", "remarks", "comment", "min_value", "max_value") VALUES ('1', 'username', 'user.account', 't', NULL, NULL, '^[0-9a-zA-Z]{1,20}$', NULL, '2', NULL, 'DS-玩家在游戏平台的账号', NULL, NULL);
INSERT INTO "game_api_interface_request" ("id", "api_field_name", "property_name", "required", "min_length", "max_length", "reg_exp", "default_value", "interface_id", "remarks", "comment", "min_value", "max_value") VALUES ('3', 'password', 'user.password', 't', NULL, NULL, '^[0-9a-z]{32}$', NULL, '2', NULL, 'DS-玩家在游戏平台的账号密码', NULL, NULL);
INSERT INTO "game_api_interface_request" ("id", "api_field_name", "property_name", "required", "min_length", "max_length", "reg_exp", "default_value", "interface_id", "remarks", "comment", "min_value", "max_value") VALUES ('5', 'currency', 'user.currency', 't', NULL, NULL, '^[A-Z]{3}$', NULL, '2', NULL, 'DS-币种', NULL, NULL);
INSERT INTO "game_api_interface_request" ("id", "api_field_name", "property_name", "required", "min_length", "max_length", "reg_exp", "default_value", "interface_id", "remarks", "comment", "min_value", "max_value") VALUES ('7', 'nickname', 'user.nickname', 't', '1', '20', NULL, NULL, '2', NULL, 'DS-玩家在游戏平台的昵称', NULL, NULL);
INSERT INTO "game_api_interface_request" ("id", "api_field_name", "property_name", "required", "min_length", "max_length", "reg_exp", "default_value", "interface_id", "remarks", "comment", "min_value", "max_value") VALUES ('8', 'language', 'user.locale', 't', NULL, NULL, '^[A-Z]{2}$', NULL, '2', 'CN,HK,EN,TH,VN', 'DS-游戏语言', NULL, NULL);
INSERT INTO "game_api_interface_request" ("id", "api_field_name", "property_name", "required", "min_length", "max_length", "reg_exp", "default_value", "interface_id", "remarks", "comment", "min_value", "max_value") VALUES ('12', 'line', 'line', 'f', NULL, NULL, NULL, NULL, '2', NULL, 'DS-线路', NULL, NULL);
INSERT INTO "game_api_interface_request" ("id", "api_field_name", "property_name", "required", "min_length", "max_length", "reg_exp", "default_value", "interface_id", "remarks", "comment", "min_value", "max_value") VALUES ('13', 'username', 'user.account', 't', NULL, NULL, '^[0-9a-zA-Z]{1,20}$', NULL, '6', NULL, 'DS-玩家在游戏平台的账号', NULL, NULL);
INSERT INTO "game_api_interface_request" ("id", "api_field_name", "property_name", "required", "min_length", "max_length", "reg_exp", "default_value", "interface_id", "remarks", "comment", "min_value", "max_value") VALUES ('15', 'password', 'user.password', 't', NULL, NULL, '^[0-9a-z]{32}$', NULL, '6', NULL, 'DS-玩家在游戏平台的账号密码', NULL, NULL);
INSERT INTO "game_api_interface_request" ("id", "api_field_name", "property_name", "required", "min_length", "max_length", "reg_exp", "default_value", "interface_id", "remarks", "comment", "min_value", "max_value") VALUES ('16', 'ref', 'transId', 't', NULL, NULL, NULL, NULL, '6', NULL, 'DS-唯一交易号, 由合作伙伴平台提供, 以备查验', NULL, NULL);
INSERT INTO "game_api_interface_request" ("id", "api_field_name", "property_name", "required", "min_length", "max_length", "reg_exp", "default_value", "interface_id", "remarks", "comment", "min_value", "max_value") VALUES ('17', 'desc', 'desc', 'f', NULL, NULL, NULL, NULL, '6', NULL, 'DS-本次交易描述', NULL, NULL);
INSERT INTO "game_api_interface_request" ("id", "api_field_name", "property_name", "required", "min_length", "max_length", "reg_exp", "default_value", "interface_id", "remarks", "comment", "min_value", "max_value") VALUES ('18', 'amount', 'amount', 't', NULL, NULL, NULL, NULL, '6', NULL, 'DS-存款金额, 格式(#.00)', NULL, NULL);
INSERT INTO "game_api_interface_request" ("id", "api_field_name", "property_name", "required", "min_length", "max_length", "reg_exp", "default_value", "interface_id", "remarks", "comment", "min_value", "max_value") VALUES ('19', 'username', 'user.account', 't', NULL, NULL, '^[0-9a-zA-Z]{1,20}$', NULL, '11', NULL, 'DS-玩家在游戏平台的账号', NULL, NULL);
INSERT INTO "game_api_interface_request" ("id", "api_field_name", "property_name", "required", "min_length", "max_length", "reg_exp", "default_value", "interface_id", "remarks", "comment", "min_value", "max_value") VALUES ('20', 'password', 'user.password', 't', NULL, NULL, '^[0-9a-z]{32}$', NULL, '11', NULL, 'DS-玩家在游戏平台的账号密码', NULL, NULL);
INSERT INTO "game_api_interface_request" ("id", "api_field_name", "property_name", "required", "min_length", "max_length", "reg_exp", "default_value", "interface_id", "remarks", "comment", "min_value", "max_value") VALUES ('21', 'ref', 'transId', 't', NULL, NULL, NULL, NULL, '11', NULL, 'DS-唯一交易号, 由合作伙伴平台提供, 以备查验', NULL, NULL);
INSERT INTO "game_api_interface_request" ("id", "api_field_name", "property_name", "required", "min_length", "max_length", "reg_exp", "default_value", "interface_id", "remarks", "comment", "min_value", "max_value") VALUES ('22', 'desc', 'desc', 'f', NULL, NULL, NULL, NULL, '11', NULL, 'DS-本次交易描述', NULL, NULL);
INSERT INTO "game_api_interface_request" ("id", "api_field_name", "property_name", "required", "min_length", "max_length", "reg_exp", "default_value", "interface_id", "remarks", "comment", "min_value", "max_value") VALUES ('23', 'amount', 'amount', 't', NULL, NULL, NULL, NULL, '11', NULL, 'DS-取款金额, 格式(#.00)', NULL, NULL);
INSERT INTO "game_api_interface_request" ("id", "api_field_name", "property_name", "required", "min_length", "max_length", "reg_exp", "default_value", "interface_id", "remarks", "comment", "min_value", "max_value") VALUES ('24', 'username', 'user.account', 't', NULL, NULL, '^[0-9a-zA-Z]{1,20}$', NULL, '10', NULL, 'DS-玩家在游戏平台的账号', NULL, NULL);
INSERT INTO "game_api_interface_request" ("id", "api_field_name", "property_name", "required", "min_length", "max_length", "reg_exp", "default_value", "interface_id", "remarks", "comment", "min_value", "max_value") VALUES ('25', 'password', 'user.password', 't', NULL, NULL, '^[0-9a-z]{32}$', NULL, '10', NULL, 'DS-玩家在游戏平台的账号密码', NULL, NULL);
INSERT INTO "game_api_interface_request" ("id", "api_field_name", "property_name", "required", "min_length", "max_length", "reg_exp", "default_value", "interface_id", "remarks", "comment", "min_value", "max_value") VALUES ('26', 'currency', 'user.currency', 't', NULL, NULL, '^[A-Z]{3}$', NULL, '10', NULL, 'DS-币种', NULL, NULL);
INSERT INTO "game_api_interface_request" ("id", "api_field_name", "property_name", "required", "min_length", "max_length", "reg_exp", "default_value", "interface_id", "remarks", "comment", "min_value", "max_value") VALUES ('27', 'nickname', 'user.nickname', 't', '1', '20', NULL, NULL, '10', NULL, 'DS-玩家在游戏平台的昵称', NULL, NULL);
INSERT INTO "game_api_interface_request" ("id", "api_field_name", "property_name", "required", "min_length", "max_length", "reg_exp", "default_value", "interface_id", "remarks", "comment", "min_value", "max_value") VALUES ('28', 'language', 'user.locale', 't', NULL, NULL, '^[A-Z]{2}$', NULL, '10', 'CN,HK,EN,TH,VN', 'DS-游戏语言', NULL, NULL);
INSERT INTO "game_api_interface_request" ("id", "api_field_name", "property_name", "required", "min_length", "max_length", "reg_exp", "default_value", "interface_id", "remarks", "comment", "min_value", "max_value") VALUES ('30', 'line', 'line', 'f', NULL, NULL, NULL, NULL, '10', NULL, 'DS-线路', NULL, NULL);
INSERT INTO "game_api_interface_request" ("id", "api_field_name", "property_name", "required", "min_length", "max_length", "reg_exp", "default_value", "interface_id", "remarks", "comment", "min_value", "max_value") VALUES ('31', 'username', 'user.account', 't', NULL, NULL, '^[0-9a-zA-Z]{1,20}$', NULL, '14', NULL, 'DS-玩家在游戏平台的账号', NULL, NULL);
INSERT INTO "game_api_interface_request" ("id", "api_field_name", "property_name", "required", "min_length", "max_length", "reg_exp", "default_value", "interface_id", "remarks", "comment", "min_value", "max_value") VALUES ('32', 'password', 'user.password', 't', NULL, NULL, '^[0-9a-z]{32}$', NULL, '14', NULL, 'DS-玩家在游戏平台的账号密码', NULL, NULL);
INSERT INTO "game_api_interface_request" ("id", "api_field_name", "property_name", "required", "min_length", "max_length", "reg_exp", "default_value", "interface_id", "remarks", "comment", "min_value", "max_value") VALUES ('34', 'count', 'maxCount', 't', NULL, NULL, NULL, '1000', '15', NULL, 'DS-一次拉取多少条记录，最多1000条', '1', '1000');
INSERT INTO "game_api_interface_request" ("id", "api_field_name", "property_name", "required", "min_length", "max_length", "reg_exp", "default_value", "interface_id", "remarks", "comment", "min_value", "max_value") VALUES ('35', 'beginId', 'startId', 't', NULL, NULL, NULL, NULL, '15', NULL, 'DS-注单最大序列号, 第一次拉取, 值为 0', NULL, NULL);
INSERT INTO "game_api_interface_request" ("id", "api_field_name", "property_name", "required", "min_length", "max_length", "reg_exp", "default_value", "interface_id", "remarks", "comment", "min_value", "max_value") VALUES ('36', 'count', 'maxCount', 't', NULL, NULL, NULL, '10', '18', NULL, 'DS-一次拉取多少条记录，最多10条', '1', '10');
INSERT INTO "game_api_interface_request" ("id", "api_field_name", "property_name", "required", "min_length", "max_length", "reg_exp", "default_value", "interface_id", "remarks", "comment", "min_value", "max_value") VALUES ('37', 'beginId', 'startId', 't', NULL, NULL, NULL, NULL, '18', NULL, 'DS-注单最大序列号, 第一次拉取, 值为 0', '0', NULL);
INSERT INTO "game_api_interface_request" ("id", "api_field_name", "property_name", "required", "min_length", "max_length", "reg_exp", "default_value", "interface_id", "remarks", "comment", "min_value", "max_value") VALUES ('38', 'ref', 'transId', 't', NULL, NULL, NULL, NULL, '20', NULL, 'DS-唯一交易号, 由合作伙伴平台提供, 以备查验', NULL, NULL);
INSERT INTO "game_api_interface_request" ("id", "api_field_name", "property_name", "required", "min_length", "max_length", "reg_exp", "default_value", "interface_id", "remarks", "comment", "min_value", "max_value") VALUES ('39', 'username', 'user.account', 't', NULL, NULL, '^[0-9a-zA-Z]{1,20}$', NULL, '21', NULL, 'MG-REGISTER-玩家账号', NULL, NULL);
INSERT INTO "game_api_interface_request" ("id", "api_field_name", "property_name", "required", "min_length", "max_length", "reg_exp", "default_value", "interface_id", "remarks", "comment", "min_value", "max_value") VALUES ('40', 'password', 'user.password', 't', NULL, NULL, '^[0-9a-z]{8,32}$', NULL, '21', NULL, 'MG-REGISTER-玩家密码', NULL, NULL);
INSERT INTO "game_api_interface_request" ("id", "api_field_name", "property_name", "required", "min_length", "max_length", "reg_exp", "default_value", "interface_id", "remarks", "comment", "min_value", "max_value") VALUES ('41', 'currency', 'user.currency', 't', NULL, NULL, '^[a-zA-Z]{3}$', 'CNY', '21', NULL, 'MG-REGISTER-玩家币种', NULL, NULL);
INSERT INTO "game_api_interface_request" ("id", "api_field_name", "property_name", "required", "min_length", "max_length", "reg_exp", "default_value", "interface_id", "remarks", "comment", "min_value", "max_value") VALUES ('42', 'name', 'user.nickname', 't', '1', '20', NULL, NULL, '21', NULL, 'MG-REGISTER-玩家的昵称', NULL, NULL);
INSERT INTO "game_api_interface_request" ("id", "api_field_name", "property_name", "required", "min_length", "max_length", "reg_exp", "default_value", "interface_id", "remarks", "comment", "min_value", "max_value") VALUES ('43', 'language', 'user.locale', 't', NULL, NULL, '^[a-zA-Z]{2,5}$', 'zh', '21', 'en,ja,ko,zh,zh-tw,th,in,vi', 'MG-REGISTER-玩家语言', NULL, NULL);
INSERT INTO "game_api_interface_request" ("id", "api_field_name", "property_name", "required", "min_length", "max_length", "reg_exp", "default_value", "interface_id", "remarks", "comment", "min_value", "max_value") VALUES ('46', 'username', 'user.account', 't', NULL, NULL, '^[0-9a-zA-Z]{1,20}$', NULL, '22', NULL, 'MG-LOGIN-玩家账号', NULL, NULL);
INSERT INTO "game_api_interface_request" ("id", "api_field_name", "property_name", "required", "min_length", "max_length", "reg_exp", "default_value", "interface_id", "remarks", "comment", "min_value", "max_value") VALUES ('47', 'password', 'user.password', 't', NULL, NULL, '^[0-9a-z]{8,32}$', NULL, '22', NULL, 'MG-LOGIN-玩家密码', NULL, NULL);
INSERT INTO "game_api_interface_request" ("id", "api_field_name", "property_name", "required", "min_length", "max_length", "reg_exp", "default_value", "interface_id", "remarks", "comment", "min_value", "max_value") VALUES ('48', 'currencyCode', 'user.currency', 't', NULL, NULL, '^[a-zA-Z]{3}$', NULL, '22', NULL, 'MG-LOGIN-玩家币别', NULL, NULL);
INSERT INTO "game_api_interface_request" ("id", "api_field_name", "property_name", "required", "min_length", "max_length", "reg_exp", "default_value", "interface_id", "remarks", "comment", "min_value", "max_value") VALUES ('50', 'PlayerId', 'user.account', 't', NULL, NULL, '^[0-9a-zA-Z]{1,20}$', NULL, '30', NULL, 'KG-玩家在游戏平台的账号', NULL, NULL);
INSERT INTO "game_api_interface_request" ("id", "api_field_name", "property_name", "required", "min_length", "max_length", "reg_exp", "default_value", "interface_id", "remarks", "comment", "min_value", "max_value") VALUES ('51', 'PlayerCurrency', 'user.currency', 't', NULL, NULL, '^[0-9a-zA-Z]{1,20}$', 'CNY', '30', NULL, 'KG-币种', NULL, NULL);
INSERT INTO "game_api_interface_request" ("id", "api_field_name", "property_name", "required", "min_length", "max_length", "reg_exp", "default_value", "interface_id", "remarks", "comment", "min_value", "max_value") VALUES ('52', 'PlayerRealName', 'user.nickname', 't', '1', '20', NULL, NULL, '30', NULL, 'KG-玩家在游戏平台的昵称', NULL, NULL);
INSERT INTO "game_api_interface_request" ("id", "api_field_name", "property_name", "required", "min_length", "max_length", "reg_exp", "default_value", "interface_id", "remarks", "comment", "min_value", "max_value") VALUES ('53', 'Language', 'user.locale', 't', NULL, NULL, '', 'zh_CN', '30', '', 'KG-游戏语言', NULL, NULL);
INSERT INTO "game_api_interface_request" ("id", "api_field_name", "property_name", "required", "min_length", "max_length", "reg_exp", "default_value", "interface_id", "remarks", "comment", "min_value", "max_value") VALUES ('56', 'PlayerCredit', 'PlayerCredit', 'f', '1', '200', '^[0-9a-zA-Z]{1,20}$', NULL, '30', NULL, 'KG-玩家信用', NULL, NULL);
INSERT INTO "game_api_interface_request" ("id", "api_field_name", "property_name", "required", "min_length", "max_length", "reg_exp", "default_value", "interface_id", "remarks", "comment", "min_value", "max_value") VALUES ('57', 'PlayerAllowStake', 'user.playerAllowStake', 't', '1', '200', NULL, '1,2,3', '30', '', 'KG-玩家选择赌注上限组别（网主在KG管理网站设置的赌注组别）', NULL, NULL);
INSERT INTO "game_api_interface_request" ("id", "api_field_name", "property_name", "required", "min_length", "max_length", "reg_exp", "default_value", "interface_id", "remarks", "comment", "min_value", "max_value") VALUES ('58', 'Trial', 'Trial', 't', '1', '5', '^[0-9a-zA-Z]{1,20}$', '0', '30', '', 'KG-试用版账户 ( Yes -1 /No – 0 )', NULL, NULL);
INSERT INTO "game_api_interface_request" ("id", "api_field_name", "property_name", "required", "min_length", "max_length", "reg_exp", "default_value", "interface_id", "remarks", "comment", "min_value", "max_value") VALUES ('59', 'RebateLevel', 'RebateLevel', 'f', '1', '10', '^[0-9a-zA-Z]{1,20}$', '1', '30', NULL, 'KG-不同返水等級的返水百分比由網主設定,默认为1', NULL, NULL);
INSERT INTO "game_api_interface_request" ("id", "api_field_name", "property_name", "required", "min_length", "max_length", "reg_exp", "default_value", "interface_id", "remarks", "comment", "min_value", "max_value") VALUES ('60', 'PlayerIP', 'user.ipAddress', 'f', NULL, NULL, NULL, NULL, '30', NULL, 'KG-玩家 ip', NULL, NULL);
INSERT INTO "game_api_interface_request" ("id", "api_field_name", "property_name", "required", "min_length", "max_length", "reg_exp", "default_value", "interface_id", "remarks", "comment", "min_value", "max_value") VALUES ('61', 'username', 'user.account', 't', NULL, NULL, '^[0-9a-zA-Z]{1,20}$', NULL, '23', NULL, 'MG-DEPOSIT-玩家账号', NULL, NULL);
INSERT INTO "game_api_interface_request" ("id", "api_field_name", "property_name", "required", "min_length", "max_length", "reg_exp", "default_value", "interface_id", "remarks", "comment", "min_value", "max_value") VALUES ('62', 'password', 'user.password', 't', NULL, NULL, '^[0-9a-z]{8,32}$', NULL, '23', NULL, 'MG-DEPOSIT-玩家密码', NULL, NULL);
INSERT INTO "game_api_interface_request" ("id", "api_field_name", "property_name", "required", "min_length", "max_length", "reg_exp", "default_value", "interface_id", "remarks", "comment", "min_value", "max_value") VALUES ('63', 'amount', 'amount', 't', NULL, NULL, NULL, NULL, '23', NULL, 'MG-DEPOSIT-玩家账号', NULL, NULL);
INSERT INTO "game_api_interface_request" ("id", "api_field_name", "property_name", "required", "min_length", "max_length", "reg_exp", "default_value", "interface_id", "remarks", "comment", "min_value", "max_value") VALUES ('64', 'transactionId', 'transId', 't', NULL, NULL, NULL, NULL, '23', NULL, 'MG-DEPOSIT-充值交易号', NULL, NULL);
INSERT INTO "game_api_interface_request" ("id", "api_field_name", "property_name", "required", "min_length", "max_length", "reg_exp", "default_value", "interface_id", "remarks", "comment", "min_value", "max_value") VALUES ('65', 'product', 'product', 't', NULL, NULL, NULL, 'casino', '23', NULL, 'MG-DEPOSIT-产品类型', NULL, NULL);
INSERT INTO "game_api_interface_request" ("id", "api_field_name", "property_name", "required", "min_length", "max_length", "reg_exp", "default_value", "interface_id", "remarks", "comment", "min_value", "max_value") VALUES ('66', 'username', 'user.account', 't', NULL, NULL, '^[0-9a-zA-Z]{1,20}$', NULL, '24', NULL, 'MG-WITHDRAW-玩家账号', NULL, NULL);
INSERT INTO "game_api_interface_request" ("id", "api_field_name", "property_name", "required", "min_length", "max_length", "reg_exp", "default_value", "interface_id", "remarks", "comment", "min_value", "max_value") VALUES ('67', 'password', 'user.password', 't', NULL, NULL, '^[0-9a-z]{8,32}$', NULL, '24', NULL, 'MG-WITHDRAW-玩家密码', NULL, NULL);
INSERT INTO "game_api_interface_request" ("id", "api_field_name", "property_name", "required", "min_length", "max_length", "reg_exp", "default_value", "interface_id", "remarks", "comment", "min_value", "max_value") VALUES ('68', 'amount', 'amount', 't', NULL, NULL, NULL, NULL, '24', NULL, 'MG-WITHDRAW-取款金额', NULL, NULL);
INSERT INTO "game_api_interface_request" ("id", "api_field_name", "property_name", "required", "min_length", "max_length", "reg_exp", "default_value", "interface_id", "remarks", "comment", "min_value", "max_value") VALUES ('69', 'transactionId', 'transId', 't', NULL, NULL, NULL, NULL, '24', NULL, 'MG-WITHDRAW-交易号', NULL, NULL);
INSERT INTO "game_api_interface_request" ("id", "api_field_name", "property_name", "required", "min_length", "max_length", "reg_exp", "default_value", "interface_id", "remarks", "comment", "min_value", "max_value") VALUES ('70', 'product', 'product', 't', NULL, NULL, NULL, 'casino', '24', NULL, 'MG-WITHDRAW-产品类型', NULL, NULL);
INSERT INTO "game_api_interface_request" ("id", "api_field_name", "property_name", "required", "min_length", "max_length", "reg_exp", "default_value", "interface_id", "remarks", "comment", "min_value", "max_value") VALUES ('71', 'username', 'user.account', 't', NULL, NULL, '^[0-9a-zA-Z]{1,20}$', NULL, '25', NULL, 'MG-Balance-玩家账号', NULL, NULL);
INSERT INTO "game_api_interface_request" ("id", "api_field_name", "property_name", "required", "min_length", "max_length", "reg_exp", "default_value", "interface_id", "remarks", "comment", "min_value", "max_value") VALUES ('72', 'password', 'user.password', 't', NULL, NULL, '^[0-9a-z]{8,32}$', NULL, '25', NULL, 'MG-Balance-玩家密码', NULL, NULL);

INSERT INTO "game_api_interface_request" ("id", "api_field_name", "property_name", "required", "min_length", "max_length", "reg_exp", "default_value", "interface_id", "remarks", "comment", "min_value", "max_value") VALUES ('73', 'username', 'user.account', 't', NULL, NULL, '^[0-9a-zA-Z]{1,20}$', NULL, '27', NULL, 'MG-checkTransfer-玩家账号', NULL, NULL);
INSERT INTO "game_api_interface_request" ("id", "api_field_name", "property_name", "required", "min_length", "max_length", "reg_exp", "default_value", "interface_id", "remarks", "comment", "min_value", "max_value") VALUES ('74', 'password', 'user.password', 't', NULL, NULL, '^[0-9a-z]{8,32}$', NULL, '27', NULL, 'MG-checkTransfer-玩家密码', NULL, NULL);

INSERT INTO "game_api_interface_request" ("id", "api_field_name", "property_name", "required", "min_length", "max_length", "reg_exp", "default_value", "interface_id", "remarks", "comment", "min_value", "max_value") VALUES ('88', 'start', 'startTime', 't', NULL, NULL, NULL, NULL, '26', NULL, 'MG-注单-结束时间', NULL, NULL);
INSERT INTO "game_api_interface_request" ("id", "api_field_name", "property_name", "required", "min_length", "max_length", "reg_exp", "default_value", "interface_id", "remarks", "comment", "min_value", "max_value") VALUES ('89', 'end', 'endTime', 'f', NULL, NULL, NULL, NULL, '26', NULL, 'MG-MG-注单-结束时间', NULL, NULL);
INSERT INTO "game_api_interface_request" ("id", "api_field_name", "property_name", "required", "min_length", "max_length", "reg_exp", "default_value", "interface_id", "remarks", "comment", "min_value", "max_value") VALUES ('90', 'timezone', 'timezone', 't', NULL, NULL, NULL, 'UTC', '26', NULL, 'MG-注单-时区(UTC,Asia/Shanghai)', NULL, NULL);
INSERT INTO "game_api_interface_request" ("id", "api_field_name", "property_name", "required", "min_length", "max_length", "reg_exp", "default_value", "interface_id", "remarks", "comment", "min_value", "max_value") VALUES ('91', 'email', NULL, 'f', NULL, NULL, NULL, NULL, '21', '', 'MG-REGISTER-玩家email', NULL, NULL);
INSERT INTO "game_api_interface_request" ("id", "api_field_name", "property_name", "required", "min_length", "max_length", "reg_exp", "default_value", "interface_id", "remarks", "comment", "min_value", "max_value") VALUES ('92', 'mobile', NULL, 'f', NULL, NULL, NULL, NULL, '21', '', 'MG-REGISTER-玩家电话', NULL, NULL);
INSERT INTO "game_api_interface_request" ("id", "api_field_name", "property_name", "required", "min_length", "max_length", "reg_exp", "default_value", "interface_id", "remarks", "comment", "min_value", "max_value") VALUES ('93', 'currencyCode', 'user.currency', 't', NULL, NULL, '^[a-zA-Z]{3}$', NULL, '23', NULL, 'MG-DEPOSIT-充值币别', NULL, NULL);
INSERT INTO "game_api_interface_request" ("id", "api_field_name", "property_name", "required", "min_length", "max_length", "reg_exp", "default_value", "interface_id", "remarks", "comment", "min_value", "max_value") VALUES ('94', 'operation', 'operation', 't', NULL, NULL, '^[a-z]{5,8}$', 'topup', '23', 'topup,withdraw', 'MG-DEPOSIT-充值类型', NULL, NULL);
INSERT INTO "game_api_interface_request" ("id", "api_field_name", "property_name", "required", "min_length", "max_length", "reg_exp", "default_value", "interface_id", "remarks", "comment", "min_value", "max_value") VALUES ('95', 'operation', 'operation', 't', NULL, NULL, '^[a-z]{8}$', 'withdraw', '24', 'topup,withdraw', 'MG-WITHDRAW-资金类型', NULL, NULL);
INSERT INTO "game_api_interface_request" ("id", "api_field_name", "property_name", "required", "min_length", "max_length", "reg_exp", "default_value", "interface_id", "remarks", "comment", "min_value", "max_value") VALUES ('97', 'currencyCode', 'user.currency', 't', NULL, NULL, '^[a-zA-Z]{3}$', NULL, '24', NULL, 'MG-WITHDRAW-玩家币别', NULL, NULL);
INSERT INTO "game_api_interface_request" ("id", "api_field_name", "property_name", "required", "min_length", "max_length", "reg_exp", "default_value", "interface_id", "remarks", "comment", "min_value", "max_value") VALUES ('98', 'currencyCode', 'user.currency', 't', NULL, NULL, '^[a-zA-Z]{3}$', NULL, '25', NULL, 'MG-Balance-玩家币别', NULL, NULL);
INSERT INTO "game_api_interface_request" ("id", "api_field_name", "property_name", "required", "min_length", "max_length", "reg_exp", "default_value", "interface_id", "remarks", "comment", "min_value", "max_value") VALUES ('99', 'language', 'user.locale', 't', NULL, NULL, '^[a-zA-Z]{2,5}$', 'zh', '22', 'en,ja,ko,zh,zh-tw,th,in,vi', 'MG-LOGIN-玩家语言', NULL, NULL);
INSERT INTO "game_api_interface_request" ("id", "api_field_name", "property_name", "required", "min_length", "max_length", "reg_exp", "default_value", "interface_id", "remarks", "comment", "min_value", "max_value") VALUES ('101', 'gameId', 'gameId', 't', NULL, NULL, '^[a-zA-Z0-9]*$', NULL, '22', NULL, 'MG-LOGIN-游戏ID', NULL, NULL);
INSERT INTO "game_api_interface_request" ("id", "api_field_name", "property_name", "required", "min_length", "max_length", "reg_exp", "default_value", "interface_id", "remarks", "comment", "min_value", "max_value") VALUES ('102', 'lobbyUrl', 'lobbyUrl', 't', NULL, NULL, '', NULL, '22', NULL, 'MG-LOGIN-游戏大厅', NULL, NULL);
INSERT INTO "game_api_interface_request" ("id", "api_field_name", "property_name", "required", "min_length", "max_length", "reg_exp", "default_value", "interface_id", "remarks", "comment", "min_value", "max_value") VALUES ('103', 'bankingUrl', 'bankingUrl', 't', NULL, NULL, '', NULL, '22', NULL, 'MG-LOGIN-银行大厅', NULL, NULL);
INSERT INTO "game_api_interface_request" ("id", "api_field_name", "property_name", "required", "min_length", "max_length", "reg_exp", "default_value", "interface_id", "remarks", "comment", "min_value", "max_value") VALUES ('105', 'transactionId', 'transId', 't', NULL, NULL, NULL, NULL, '27', NULL, 'MG-存取款唯一交易号, ', NULL, NULL);
INSERT INTO "game_api_interface_request" ("id", "api_field_name", "property_name", "required", "min_length", "max_length", "reg_exp", "default_value", "interface_id", "remarks", "comment", "min_value", "max_value") VALUES ('151', 'VendorSite', 'VendorSite', 't', NULL, NULL, '', '', '30', '', 'KG-网主 客户端前端网址', '', '');
INSERT INTO "game_api_interface_request" ("id", "api_field_name", "property_name", "required", "min_length", "max_length", "reg_exp", "default_value", "interface_id", "remarks", "comment", "min_value", "max_value") VALUES ('152', 'FundLink', 'FundLink', 'f', NULL, NULL, '', '', '30', '', 'KG-网主给予玩家fund in/out 的网址', '', '');
INSERT INTO "game_api_interface_request" ("id", "api_field_name", "property_name", "required", "min_length", "max_length", "reg_exp", "default_value", "interface_id", "remarks", "comment", "min_value", "max_value") VALUES ('153', 'VendorId', 'VendorId', 't', '1', '50', '^[0-9a-zA-Z]{1,20}$', '', '30', '', 'KG-( KenoGroup分配的 ) 网主ID ', '', '');
INSERT INTO "game_api_interface_request" ("id", "api_field_name", "property_name", "required", "min_length", "max_length", "reg_exp", "default_value", "interface_id", "remarks", "comment", "min_value", "max_value") VALUES ('157', 'VendorRef', 'VendorRef', 'f', NULL, NULL, '', '', '30', '', 'KG-网主生成参考编号以供参考', '', '');
INSERT INTO "game_api_interface_request" ("id", "api_field_name", "property_name", "required", "min_length", "max_length", "reg_exp", "default_value", "interface_id", "remarks", "comment", "min_value", "max_value") VALUES ('158', 'Remarks', 'Remarks', 'f', NULL, NULL, '', '', '30', '', 'KG-备注信息', '', '');
INSERT INTO "game_api_interface_request" ("id", "api_field_name", "property_name", "required", "min_length", "max_length", "reg_exp", "default_value", "interface_id", "remarks", "comment", "min_value", "max_value") VALUES ('160', 'FundLink', 'bankingUrl', 'f', NULL, NULL, '', '', '31', '', 'KG-网主给予玩家fund in/out 的网址', '', '');
INSERT INTO "game_api_interface_request" ("id", "api_field_name", "property_name", "required", "min_length", "max_length", "reg_exp", "default_value", "interface_id", "remarks", "comment", "min_value", "max_value") VALUES ('161', 'PlayerId', 'user.account', 't', NULL, NULL, '^[0-9a-zA-Z]{1,20}$', '', '31', '', 'KG-玩家在游戏平台的账号', '', '');
INSERT INTO "game_api_interface_request" ("id", "api_field_name", "property_name", "required", "min_length", "max_length", "reg_exp", "default_value", "interface_id", "remarks", "comment", "min_value", "max_value") VALUES ('162', 'PlayerCurrency', 'user.currency', 't', NULL, NULL, '^[0-9a-zA-Z]{1,20}$', '', '31', '', 'KG-币种', '', '');
INSERT INTO "game_api_interface_request" ("id", "api_field_name", "property_name", "required", "min_length", "max_length", "reg_exp", "default_value", "interface_id", "remarks", "comment", "min_value", "max_value") VALUES ('163', 'PlayerRealName', 'user.nickname', 't', '1', '20', '', '', '31', '', 'KG-玩家在游戏平台的昵称', '', '');
INSERT INTO "game_api_interface_request" ("id", "api_field_name", "property_name", "required", "min_length", "max_length", "reg_exp", "default_value", "interface_id", "remarks", "comment", "min_value", "max_value") VALUES ('164', 'Language', 'user.locale', 't', NULL, NULL, '', 'sc', '31', '', 'KG-游戏语言', '', '');
INSERT INTO "game_api_interface_request" ("id", "api_field_name", "property_name", "required", "min_length", "max_length", "reg_exp", "default_value", "interface_id", "remarks", "comment", "min_value", "max_value") VALUES ('165', 'PlayerIP', 'user.ipAddress', 'f', NULL, NULL, '', '', '31', '', 'KG-玩家 ip', '', '');
INSERT INTO "game_api_interface_request" ("id", "api_field_name", "property_name", "required", "min_length", "max_length", "reg_exp", "default_value", "interface_id", "remarks", "comment", "min_value", "max_value") VALUES ('166', 'PlayerCredit', 'PlayerCredit', 'f', '1', '200', '^[0-9a-zA-Z]{1,20}$', '', '31', '', 'KG-玩家信用', '', '');
INSERT INTO "game_api_interface_request" ("id", "api_field_name", "property_name", "required", "min_length", "max_length", "reg_exp", "default_value", "interface_id", "remarks", "comment", "min_value", "max_value") VALUES ('167', 'RebateLevel', 'RebateLevel', 'f', '1', '10', '^[0-9a-zA-Z]{1,20}$', '1', '31', '', 'KG-不同返水等級的返水百分比由網主設定,默认为1', '', '');
INSERT INTO "game_api_interface_request" ("id", "api_field_name", "property_name", "required", "min_length", "max_length", "reg_exp", "default_value", "interface_id", "remarks", "comment", "min_value", "max_value") VALUES ('168', 'PlayerAllowStake', 'user.playerAllowStake', 't', '1', '200', '', '1,2,3', '31', '', 'KG-玩家选择赌注上限组别（网主在KG管理网站设置的赌注组别）', '', '');
INSERT INTO "game_api_interface_request" ("id", "api_field_name", "property_name", "required", "min_length", "max_length", "reg_exp", "default_value", "interface_id", "remarks", "comment", "min_value", "max_value") VALUES ('169', 'Trial', 'Trial', 't', '1', '5', '^[0-9a-zA-Z]{1,20}$', '0', '31', '', 'KG-试用版账户 ( Yes -1 /No – 0 )', '', '');
INSERT INTO "game_api_interface_request" ("id", "api_field_name", "property_name", "required", "min_length", "max_length", "reg_exp", "default_value", "interface_id", "remarks", "comment", "min_value", "max_value") VALUES ('170', 'VendorId', 'VendorId', 't', '1', '50', '^[0-9a-zA-Z]{1,20}$', '', '31', '', 'KG-( KenoGroup分配的 ) 网主ID ', '', '');
INSERT INTO "game_api_interface_request" ("id", "api_field_name", "property_name", "required", "min_length", "max_length", "reg_exp", "default_value", "interface_id", "remarks", "comment", "min_value", "max_value") VALUES ('171', 'VendorSite', 'VendorSite', 't', NULL, NULL, '', '', '31', '', 'KG-网主 客户端前端网址', '', '');
INSERT INTO "game_api_interface_request" ("id", "api_field_name", "property_name", "required", "min_length", "max_length", "reg_exp", "default_value", "interface_id", "remarks", "comment", "min_value", "max_value") VALUES ('173', 'Remarks', 'Remarks', 'f', NULL, NULL, '', '', '31', '', 'KG-备注信息', '', '');
INSERT INTO "game_api_interface_request" ("id", "api_field_name", "property_name", "required", "min_length", "max_length", "reg_exp", "default_value", "interface_id", "remarks", "comment", "min_value", "max_value") VALUES ('174', 'VendorId', 'VendorId', 't', '1', '50', '^[0-9a-zA-Z]{1,20}$', '', '33', '', 'KG-( KenoGroup分配的 ) 网主ID ', '', '');
INSERT INTO "game_api_interface_request" ("id", "api_field_name", "property_name", "required", "min_length", "max_length", "reg_exp", "default_value", "interface_id", "remarks", "comment", "min_value", "max_value") VALUES ('175', 'PlayerId', 'user.account', 't', NULL, NULL, '^[0-9a-zA-Z]{1,20}$', '', '33', '', 'KG-玩家在游戏平台的账号', '', '');
INSERT INTO "game_api_interface_request" ("id", "api_field_name", "property_name", "required", "min_length", "max_length", "reg_exp", "default_value", "interface_id", "remarks", "comment", "min_value", "max_value") VALUES ('176', 'Amount', 'amount', 't', NULL, NULL, '', '', '33', '', 'KG-转账金额', '', '');
INSERT INTO "game_api_interface_request" ("id", "api_field_name", "property_name", "required", "min_length", "max_length", "reg_exp", "default_value", "interface_id", "remarks", "comment", "min_value", "max_value") VALUES ('177', 'FundIntegrationId', 'FundIntegrationId', 'f', NULL, NULL, '^[0-9a-zA-Z]{1,20}$', '', '33', '', 'KG-转账验证码', '', '');
INSERT INTO "game_api_interface_request" ("id", "api_field_name", "property_name", "required", "min_length", "max_length", "reg_exp", "default_value", "interface_id", "remarks", "comment", "min_value", "max_value") VALUES ('178', 'VendorId', 'VendorId', 't', '1', '50', '^[0-9a-zA-Z]{1,20}$', '', '32', '', 'KG-( KenoGroup分配的 ) 网主ID ', '', '');
INSERT INTO "game_api_interface_request" ("id", "api_field_name", "property_name", "required", "min_length", "max_length", "reg_exp", "default_value", "interface_id", "remarks", "comment", "min_value", "max_value") VALUES ('179', 'PlayerId', 'user.account', 't', NULL, NULL, '^[0-9a-zA-Z]{1,20}$', '', '32', '', 'KG-玩家在游戏平台的账号', '', '');
INSERT INTO "game_api_interface_request" ("id", "api_field_name", "property_name", "required", "min_length", "max_length", "reg_exp", "default_value", "interface_id", "remarks", "comment", "min_value", "max_value") VALUES ('180', 'Amount', 'amount', 't', NULL, NULL, '', '', '32', '', 'KG-转账金额', '', '');
INSERT INTO "game_api_interface_request" ("id", "api_field_name", "property_name", "required", "min_length", "max_length", "reg_exp", "default_value", "interface_id", "remarks", "comment", "min_value", "max_value") VALUES ('181', 'FundIntegrationId', 'FundIntegrationId', 'f', NULL, NULL, '^[0-9a-zA-Z]{1,20}$', '', '32', '', 'KG-转账验证码', '', '');
INSERT INTO "game_api_interface_request" ("id", "api_field_name", "property_name", "required", "min_length", "max_length", "reg_exp", "default_value", "interface_id", "remarks", "comment", "min_value", "max_value") VALUES ('182', 'VendorId', 'VendorId', 't', '1', '50', '^[0-9a-zA-Z]{1,20}$', '', '34', '', 'KG-( KenoGroup分配的 ) 网主ID ', '', '');
INSERT INTO "game_api_interface_request" ("id", "api_field_name", "property_name", "required", "min_length", "max_length", "reg_exp", "default_value", "interface_id", "remarks", "comment", "min_value", "max_value") VALUES ('183', 'accounts', 'accounts', 't', NULL, NULL, '', '', '34', '', 'KG-玩家在游戏平台的账号', '', '');
INSERT INTO "game_api_interface_request" ("id", "api_field_name", "property_name", "required", "min_length", "max_length", "reg_exp", "default_value", "interface_id", "remarks", "comment", "min_value", "max_value") VALUES ('184', 'Token', 'Token', 't', NULL, NULL, '', '', '35', '', 'KG-( KenoGroup分配的 ) 网主ID ', '', '');
INSERT INTO "game_api_interface_request" ("id", "api_field_name", "property_name", "required", "min_length", "max_length", "reg_exp", "default_value", "interface_id", "remarks", "comment", "min_value", "max_value") VALUES ('185', 'Time', 'Time', 't', '5', '20', '', '', '35', '', 'KG-玩家在游戏平台的账号', '', '');
INSERT INTO "game_api_interface_request" ("id", "api_field_name", "property_name", "required", "min_length", "max_length", "reg_exp", "default_value", "interface_id", "remarks", "comment", "min_value", "max_value") VALUES ('186', 'VendorId', 'VendorId', 't', '1', '50', '^[0-9a-zA-Z]{1,20}$', '', '35', '', 'KG-( KenoGroup分配的 ) 网主ID ', '', '');
INSERT INTO "game_api_interface_request" ("id", "api_field_name", "property_name", "required", "min_length", "max_length", "reg_exp", "default_value", "interface_id", "remarks", "comment", "min_value", "max_value") VALUES ('803', 'VendorId', 'VendorId', 't', '1', '50', '^[0-9a-zA-Z]{1,20}$', '', '36', '', 'KG-( KenoGroup分配的 ) 网主ID ', '', '');
INSERT INTO "game_api_interface_request" ("id", "api_field_name", "property_name", "required", "min_length", "max_length", "reg_exp", "default_value", "interface_id", "remarks", "comment", "min_value", "max_value") VALUES ('802', 'PlayerId', 'user.account', 't', NULL, NULL, '^[0-9a-zA-Z]{1,20}$', '', '36', '', 'KG-玩家在游戏平台的账号', '', '');
INSERT INTO "game_api_interface_request" ("id", "api_field_name", "property_name", "required", "min_length", "max_length", "reg_exp", "default_value", "interface_id", "remarks", "comment", "min_value", "max_value") VALUES ('801', 'Amount', 'amount', 't', NULL, NULL, '', '', '36', '', 'KG-转账金额', '', '');
INSERT INTO "game_api_interface_request" ("id", "api_field_name", "property_name", "required", "min_length", "max_length", "reg_exp", "default_value", "interface_id", "remarks", "comment", "min_value", "max_value") VALUES ('800', 'FundIntegrationId', 'FundIntegrationId', 't', NULL, NULL, '^[0-9a-zA-Z]{1,20}$', '', '36', '', 'KG-转账验证码', '', '');


INSERT INTO "game_api_interface_request" ("id", "api_field_name", "property_name", "required", "min_length", "max_length", "reg_exp", "default_value", "interface_id", "remarks", "comment", "min_value", "max_value") VALUES ('201', 'currency', 'user.currency', 't', NULL, NULL, '^[A-Z]{3}$', NULL, '101', NULL, 'IM-REGISTER-币种', NULL, NULL);
INSERT INTO "game_api_interface_request" ("id", "api_field_name", "property_name", "required", "min_length", "max_length", "reg_exp", "default_value", "interface_id", "remarks", "comment", "min_value", "max_value") VALUES ('202', 'memberCode', 'user.account', 't', NULL, '16', '^[0-9a-zA-Z]{1,16}$', NULL, '101', NULL, 'IM-REGISTER-玩家账号', NULL, NULL);
INSERT INTO "game_api_interface_request" ("id", "api_field_name", "property_name", "required", "min_length", "max_length", "reg_exp", "default_value", "interface_id", "remarks", "comment", "min_value", "max_value") VALUES ('203', 'LanguageCode', 'user.locale', 't', NULL, NULL, NULL, NULL, '101', NULL, 'IM-REGISTER-游戏语言', NULL, NULL);
INSERT INTO "game_api_interface_request" ("id", "api_field_name", "property_name", "required", "min_length", "max_length", "reg_exp", "default_value", "interface_id", "remarks", "comment", "min_value", "max_value") VALUES ('204', 'ipAddress', 'user.ipAddress', 't', NULL, NULL, NULL, NULL, '101', NULL, 'IM-REGISTER-玩家IP地址', NULL, NULL);
INSERT INTO "game_api_interface_request" ("id", "api_field_name", "property_name", "required", "min_length", "max_length", "reg_exp", "default_value", "interface_id", "remarks", "comment", "min_value", "max_value") VALUES ('205', 'currency', 'user.currency', 't', NULL, NULL, '^[A-Z]{3}$', NULL, '102', NULL, 'IM-LOGIN-币种', NULL, NULL);
INSERT INTO "game_api_interface_request" ("id", "api_field_name", "property_name", "required", "min_length", "max_length", "reg_exp", "default_value", "interface_id", "remarks", "comment", "min_value", "max_value") VALUES ('206', 'memberCode', 'user.account', 't', NULL, '16', '^[0-9a-zA-Z]{1,16}$', NULL, '102', NULL, 'IM-LOGIN-玩家账号', NULL, NULL);
INSERT INTO "game_api_interface_request" ("id", "api_field_name", "property_name", "required", "min_length", "max_length", "reg_exp", "default_value", "interface_id", "remarks", "comment", "min_value", "max_value") VALUES ('207', 'LanguageCode', 'user.locale', 't', NULL, NULL, NULL, NULL, '102', NULL, 'IM-LOGIN-游戏语言', NULL, NULL);
INSERT INTO "game_api_interface_request" ("id", "api_field_name", "property_name", "required", "min_length", "max_length", "reg_exp", "default_value", "interface_id", "remarks", "comment", "min_value", "max_value") VALUES ('208', 'ipAddress', 'user.ipAddress', 't', NULL, NULL, NULL, NULL, '102', NULL, 'IM-LOGIN-玩家IP地址', NULL, NULL);
INSERT INTO "game_api_interface_request" ("id", "api_field_name", "property_name", "required", "min_length", "max_length", "reg_exp", "default_value", "interface_id", "remarks", "comment", "min_value", "max_value") VALUES ('209', 'membercode', 'user.account', 't', NULL, '16', '^[0-9a-zA-Z]{1,16}$', NULL, '103', NULL, 'IM-KICKOUT-玩家账号', NULL, NULL);
INSERT INTO "game_api_interface_request" ("id", "api_field_name", "property_name", "required", "min_length", "max_length", "reg_exp", "default_value", "interface_id", "remarks", "comment", "min_value", "max_value") VALUES ('210', 'currencyCode', 'user.currency', 't', NULL, NULL, '^[A-Z]{3}$', NULL, '104', NULL, 'IM-DEPOSIT-币种', NULL, NULL);
INSERT INTO "game_api_interface_request" ("id", "api_field_name", "property_name", "required", "min_length", "max_length", "reg_exp", "default_value", "interface_id", "remarks", "comment", "min_value", "max_value") VALUES ('211', 'memberCode', 'user.account', 't', NULL, '16', '^[0-9a-zA-Z]{1,16}$', NULL, '104', NULL, 'IM-DEPOSIT-玩家账号', NULL, NULL);
INSERT INTO "game_api_interface_request" ("id", "api_field_name", "property_name", "required", "min_length", "max_length", "reg_exp", "default_value", "interface_id", "remarks", "comment", "min_value", "max_value") VALUES ('212', 'amount', 'amount', 't', NULL, NULL, NULL, NULL, '104', NULL, 'IM-DEPOSIT-转账金额', NULL, NULL);
INSERT INTO "game_api_interface_request" ("id", "api_field_name", "property_name", "required", "min_length", "max_length", "reg_exp", "default_value", "interface_id", "remarks", "comment", "min_value", "max_value") VALUES ('213', 'transferId', 'transId', 't', NULL, '50', NULL, NULL, '104', NULL, 'IM-DEPOSIT-交易号', NULL, NULL);
INSERT INTO "game_api_interface_request" ("id", "api_field_name", "property_name", "required", "min_length", "max_length", "reg_exp", "default_value", "interface_id", "remarks", "comment", "min_value", "max_value") VALUES ('214', 'currency', 'user.currency', 't', NULL, NULL, '^[A-Z]{3}$', '', '104', '', 'IM-DEPOSIT-币种', '', '');
INSERT INTO "game_api_interface_request" ("id", "api_field_name", "property_name", "required", "min_length", "max_length", "reg_exp", "default_value", "interface_id", "remarks", "comment", "min_value", "max_value") VALUES ('215', 'ipAddress', 'user.ipAddress', 't', NULL, NULL, '', '', '104', '', 'IM-DEPOSIT-玩家IP地址', '', '');
INSERT INTO "game_api_interface_request" ("id", "api_field_name", "property_name", "required", "min_length", "max_length", "reg_exp", "default_value", "interface_id", "remarks", "comment", "min_value", "max_value") VALUES ('216', 'currencyCode', 'user.currency', 't', NULL, NULL, '^[A-Z]{3}$', '', '105', '', 'IM-withdraw-币种', '', '');
INSERT INTO "game_api_interface_request" ("id", "api_field_name", "property_name", "required", "min_length", "max_length", "reg_exp", "default_value", "interface_id", "remarks", "comment", "min_value", "max_value") VALUES ('217', 'memberCode', 'user.account', 't', NULL, '16', '^[0-9a-zA-Z]{1,16}$', '', '105', '', 'IM-withdraw-玩家账号', '', '');
INSERT INTO "game_api_interface_request" ("id", "api_field_name", "property_name", "required", "min_length", "max_length", "reg_exp", "default_value", "interface_id", "remarks", "comment", "min_value", "max_value") VALUES ('218', 'amount', 'amount', 't', NULL, NULL, '', '', '105', '', 'IM-withdraw-转账金额', '', '');
INSERT INTO "game_api_interface_request" ("id", "api_field_name", "property_name", "required", "min_length", "max_length", "reg_exp", "default_value", "interface_id", "remarks", "comment", "min_value", "max_value") VALUES ('219', 'transferId', 'transId', 't', NULL, '50', '', '', '105', '', 'IM-withdraw-交易号', '', '');
INSERT INTO "game_api_interface_request" ("id", "api_field_name", "property_name", "required", "min_length", "max_length", "reg_exp", "default_value", "interface_id", "remarks", "comment", "min_value", "max_value") VALUES ('220', 'currency', 'user.currency', 't', NULL, NULL, '^[A-Z]{3}$', '', '105', '', 'IM-withdraw-币种', '', '');
INSERT INTO "game_api_interface_request" ("id", "api_field_name", "property_name", "required", "min_length", "max_length", "reg_exp", "default_value", "interface_id", "remarks", "comment", "min_value", "max_value") VALUES ('221', 'ipAddress', 'user.ipAddress', 't', NULL, NULL, '', '', '105', '', 'IM-withdraw-玩家IP地址', '', '');
INSERT INTO "game_api_interface_request" ("id", "api_field_name", "property_name", "required", "min_length", "max_length", "reg_exp", "default_value", "interface_id", "remarks", "comment", "min_value", "max_value") VALUES ('222', 'transferId', 'transId', 't', NULL, '50', '', '', '106', '', 'IM-checkTransfer-交易号', '', '');
INSERT INTO "game_api_interface_request" ("id", "api_field_name", "property_name", "required", "min_length", "max_length", "reg_exp", "default_value", "interface_id", "remarks", "comment", "min_value", "max_value") VALUES ('223', 'memberCode', 'user.account', 't', NULL, '16', '^[0-9a-zA-Z]{1,16}$', '', '107', '', 'IM-Balance-玩家账号', '', '');
INSERT INTO "game_api_interface_request" ("id", "api_field_name", "property_name", "required", "min_length", "max_length", "reg_exp", "default_value", "interface_id", "remarks", "comment", "min_value", "max_value") VALUES ('224', 'memberCode', 'memberCode', 'f', NULL, NULL, '', '', '108', '', 'IM-玩家账号', '', '');
INSERT INTO "game_api_interface_request" ("id", "api_field_name", "property_name", "required", "min_length", "max_length", "reg_exp", "default_value", "interface_id", "remarks", "comment", "min_value", "max_value") VALUES ('225', 'sportsName', 'sportsName', 'f', NULL, '50', '', '', '108', '', 'IM-体育赛事名称', '', '');
INSERT INTO "game_api_interface_request" ("id", "api_field_name", "property_name", "required", "min_length", "max_length", "reg_exp", "default_value", "interface_id", "remarks", "comment", "min_value", "max_value") VALUES ('226', 'startDate', 'startTime', 't', NULL, NULL, '', '', '108', '', 'IM-查询开始时间', '', '');
INSERT INTO "game_api_interface_request" ("id", "api_field_name", "property_name", "required", "min_length", "max_length", "reg_exp", "default_value", "interface_id", "remarks", "comment", "min_value", "max_value") VALUES ('227', 'endDate', 'endTime', 't', NULL, NULL, '', '', '108', '', 'IM-查询结束时间', '', '');
INSERT INTO "game_api_interface_request" ("id", "api_field_name", "property_name", "required", "min_length", "max_length", "reg_exp", "default_value", "interface_id", "remarks", "comment", "min_value", "max_value") VALUES ('228', 'isSettled', 'isSettled', 'f', NULL, NULL, '', '', '108', '', 'IM-是否结算', '', '');
INSERT INTO "game_api_interface_request" ("id", "api_field_name", "property_name", "required", "min_length", "max_length", "reg_exp", "default_value", "interface_id", "remarks", "comment", "min_value", "max_value") VALUES ('229', 'lastUpdated', 'lastUpdated', 'f', NULL, NULL, '', '', '108', '', 'IM-最近更新', '', '');


INSERT INTO "game_api_interface_request" ("id", "api_field_name", "property_name", "required", "min_length", "max_length", "reg_exp", "default_value", "interface_id", "remarks", "comment", "min_value", "max_value") VALUES ('100', 'UserID', 'user.account', 't', NULL, NULL, '^[0-9a-zA-Z]{1,20}$', NULL, '52', NULL, 'GD-玩家账号', '', '');
INSERT INTO "game_api_interface_request" ("id", "api_field_name", "property_name", "required", "min_length", "max_length", "reg_exp", "default_value", "interface_id", "remarks", "comment", "min_value", "max_value") VALUES ('104', 'UserID', 'user.account', 't', NULL, NULL, '^[0-9a-zA-Z]{1,20}$', NULL, '51', NULL, 'GD-玩家账号', NULL, NULL);
INSERT INTO "game_api_interface_request" ("id", "api_field_name", "property_name", "required", "min_length", "max_length", "reg_exp", "default_value", "interface_id", "remarks", "comment", "min_value", "max_value") VALUES ('107', 'BetGroup', 'user.playerAllowStake', 'f', '1', '200', '', NULL, '51', NULL, 'GD-玩家选择赌注上限组别（网主在KG管理网站设置的赌注组别）', NULL, NULL);
INSERT INTO "game_api_interface_request" ("id", "api_field_name", "property_name", "required", "min_length", "max_length", "reg_exp", "default_value", "interface_id", "remarks", "comment", "min_value", "max_value") VALUES ('108', 'EnableInGameTransfer', 'EnableInGameTransfer', 'f', NULL, NULL, '', '1', '54', '', 'GD-是否能在登录时存/取款', '', '');
INSERT INTO "game_api_interface_request" ("id", "api_field_name", "property_name", "required", "min_length", "max_length", "reg_exp", "default_value", "interface_id", "remarks", "comment", "min_value", "max_value") VALUES ('109', 'UserID', 'user.account', 't', NULL, NULL, '^[0-9a-zA-Z]{1,20}$', NULL, '54', NULL, 'GD-玩家账号', NULL, NULL);
INSERT INTO "game_api_interface_request" ("id", "api_field_name", "property_name", "required", "min_length", "max_length", "reg_exp", "default_value", "interface_id", "remarks", "comment", "min_value", "max_value") VALUES ('111', 'playerid', 'user.account', 't', NULL, NULL, '^[0-9a-zA-Z]{1,20}$', NULL, '53', NULL, 'GD-玩家账号', NULL, NULL);
INSERT INTO "game_api_interface_request" ("id", "api_field_name", "property_name", "required", "min_length", "max_length", "reg_exp", "default_value", "interface_id", "remarks", "comment", "min_value", "max_value") VALUES ('112', 'LoginTokenID', 'LoginTokenID', 't', NULL, NULL, '', NULL, '53', NULL, 'GD-客户端密钥', NULL, NULL);
INSERT INTO "game_api_interface_request" ("id", "api_field_name", "property_name", "required", "min_length", "max_length", "reg_exp", "default_value", "interface_id", "remarks", "comment", "min_value", "max_value") VALUES ('113', 'Currency', 'user.currency', 't', NULL, NULL, '^[A-Z]{1,20}$', 'CNY', '53', NULL, 'GD-玩家币种', NULL, NULL);
INSERT INTO "game_api_interface_request" ("id", "api_field_name", "property_name", "required", "min_length", "max_length", "reg_exp", "default_value", "interface_id", "remarks", "comment", "min_value", "max_value") VALUES ('114', 'key', 'key', 't', '1', '128', NULL, NULL, '53', NULL, 'GD-SHA256加密', NULL, NULL);
INSERT INTO "game_api_interface_request" ("id", "api_field_name", "property_name", "required", "min_length", "max_length", "reg_exp", "default_value", "interface_id", "remarks", "comment", "min_value", "max_value") VALUES ('115', 'amount', 'amount', 't', NULL, NULL, NULL, NULL, '54', NULL, 'GD-DEPOsit-金额', NULL, NULL);
INSERT INTO "game_api_interface_request" ("id", "api_field_name", "property_name", "required", "min_length", "max_length", "reg_exp", "default_value", "interface_id", "remarks", "comment", "min_value", "max_value") VALUES ('116', 'gameUrl', 'gameUrl', 't', '1', '250', '', '', '53', '', 'GD-游戏域名', '', '');
INSERT INTO "game_api_interface_request" ("id", "api_field_name", "property_name", "required", "min_length", "max_length", "reg_exp", "default_value", "interface_id", "remarks", "comment", "min_value", "max_value") VALUES ('117', 'currencyCode', 'user.currency', 't', NULL, NULL, '', NULL, '54', NULL, 'GD-玩家币别', NULL, NULL);
INSERT INTO "game_api_interface_request" ("id", "api_field_name", "property_name", "required", "min_length", "max_length", "reg_exp", "default_value", "interface_id", "remarks", "comment", "min_value", "max_value") VALUES ('118', 'amount', 'amount', 't', NULL, NULL, '', NULL, '55', NULL, 'GD-withdraw-金额', NULL, NULL);
INSERT INTO "game_api_interface_request" ("id", "api_field_name", "property_name", "required", "min_length", "max_length", "reg_exp", "default_value", "interface_id", "remarks", "comment", "min_value", "max_value") VALUES ('119', 'userID', 'user.account', 't', NULL, NULL, '^[0-9a-zA-Z]{1,20}$', NULL, '55', NULL, 'GD-玩家账号', NULL, NULL);
INSERT INTO "game_api_interface_request" ("id", "api_field_name", "property_name", "required", "min_length", "max_length", "reg_exp", "default_value", "interface_id", "remarks", "comment", "min_value", "max_value") VALUES ('120', 'currencyCode', 'user.currency', 't', NULL, NULL, '', NULL, '55', NULL, 'GD-玩家币别', NULL, NULL);
INSERT INTO "game_api_interface_request" ("id", "api_field_name", "property_name", "required", "min_length", "max_length", "reg_exp", "default_value", "interface_id", "remarks", "comment", "min_value", "max_value") VALUES ('121', 'userID', 'user.account', 't', NULL, NULL, '^[0-9a-zA-Z]{1,20}$', NULL, '56', NULL, 'GD-玩家账号', NULL, NULL);
INSERT INTO "game_api_interface_request" ("id", "api_field_name", "property_name", "required", "min_length", "max_length", "reg_exp", "default_value", "interface_id", "remarks", "comment", "min_value", "max_value") VALUES ('122', 'currencyCode', 'user.currency', 't', NULL, NULL, '', NULL, '56', NULL, 'GD-玩家币别', NULL, NULL);
INSERT INTO "game_api_interface_request" ("id", "api_field_name", "property_name", "required", "min_length", "max_length", "reg_exp", "default_value", "interface_id", "remarks", "comment", "min_value", "max_value") VALUES ('124', 'RequestBetLimit', 'RequestBetLimit', 'f', NULL, NULL, '', '', '57', '', 'GD-是否查询玩家上制（1是，0否）', '', '');
INSERT INTO "game_api_interface_request" ("id", "api_field_name", "property_name", "required", "min_length", "max_length", "reg_exp", "default_value", "interface_id", "remarks", "comment", "min_value", "max_value") VALUES ('125', 'accounts', 'accounts', 't', NULL, NULL, '', NULL, '57', NULL, 'GD-玩家币别', NULL, NULL);
INSERT INTO "game_api_interface_request" ("id", "api_field_name", "property_name", "required", "min_length", "max_length", "reg_exp", "default_value", "interface_id", "remarks", "comment", "min_value", "max_value") VALUES ('126', 'FromTime', 'startTime', 't', NULL, NULL, '', '', '58', '', 'GD-下注开始时间', '', '');
INSERT INTO "game_api_interface_request" ("id", "api_field_name", "property_name", "required", "min_length", "max_length", "reg_exp", "default_value", "interface_id", "remarks", "comment", "min_value", "max_value") VALUES ('127', 'ToTime', 'endTime', 't', NULL, NULL, '', '', '58', '', 'GD-结束时间', '', '');
INSERT INTO "game_api_interface_request" ("id", "api_field_name", "property_name", "required", "min_length", "max_length", "reg_exp", "default_value", "interface_id", "remarks", "comment", "min_value", "max_value") VALUES ('128', 'Index', 'Index', 'f', NULL, NULL, '', '0', '58', '', 'GD-在某段時間內的記錄開始指數', '', '');
INSERT INTO "game_api_interface_request" ("id", "api_field_name", "property_name", "required", "min_length", "max_length", "reg_exp", "default_value", "interface_id", "remarks", "comment", "min_value", "max_value") VALUES ('129', 'ShowBalance', 'ShowBalance', 'f', NULL, NULL, '', '1', '58', '', 'GD-顯示開始結餘及完結結餘 (非必須)。只適用於選用轉移錢包的商戶', '', '');
INSERT INTO "game_api_interface_request" ("id", "api_field_name", "property_name", "required", "min_length", "max_length", "reg_exp", "default_value", "interface_id", "remarks", "comment", "min_value", "max_value") VALUES ('130', 'SearchByBalanceTime', 'SearchByBalanceTime', 'f', NULL, NULL, '', '0', '58', '', 'GD-只顯示已經結餘的投注項目', '', '');
INSERT INTO "game_api_interface_request" ("id", "api_field_name", "property_name", "required", "min_length", "max_length", "reg_exp", "default_value", "interface_id", "remarks", "comment", "min_value", "max_value") VALUES ('131', 'ShowRefID', 'ShowRefID', 'f', NULL, NULL, '', '', '58', '', 'GD-顯示單荷包系統中的transaction ID。只適用於選用單錢包的商戶', '', '');
INSERT INTO "game_api_interface_request" ("id", "api_field_name", "property_name", "required", "min_length", "max_length", "reg_exp", "default_value", "interface_id", "remarks", "comment", "min_value", "max_value") VALUES ('132', 'ShowOdds', 'ShowOdds', 'f', NULL, NULL, '', '0', '58', '', 'GD-是否展现赔率', '', '');
INSERT INTO "game_api_interface_request" ("id", "api_field_name", "property_name", "required", "min_length", "max_length", "reg_exp", "default_value", "interface_id", "remarks", "comment", "min_value", "max_value") VALUES ('135', 'CurrencyCode', 'user.currency', 't', '1', '20', '', '', '51', '', 'GD-玩家在游戏平台的昵称', '', '');
INSERT INTO "game_api_interface_request" ("id", "api_field_name", "property_name", "required", "min_length", "max_length", "reg_exp", "default_value", "interface_id", "remarks", "comment", "min_value", "max_value") VALUES ('136', 'Affiliate', 'Affiliate', 'f', NULL, NULL, '^[0-9a-zA-Z]{1,20}$', '', '51', '', 'GD-玩家的附屬人', '', '');
INSERT INTO "game_api_interface_request" ("id", "api_field_name", "property_name", "required", "min_length", "max_length", "reg_exp", "default_value", "interface_id", "remarks", "comment", "min_value", "max_value") VALUES ('137', 'lang', 'user.locale', 't', NULL, NULL, '', '', '53', '', 'GD-玩家语言', '', '');
INSERT INTO "game_api_interface_request" ("id", "api_field_name", "property_name", "required", "min_length", "max_length", "reg_exp", "default_value", "interface_id", "remarks", "comment", "min_value", "max_value") VALUES ('138', 'view', 'view', 'f', NULL, NULL, '', 'viewDefault', '53', '', 'GD-玩家界面', '', '');
INSERT INTO "game_api_interface_request" ("id", "api_field_name", "property_name", "required", "min_length", "max_length", "reg_exp", "default_value", "interface_id", "remarks", "comment", "min_value", "max_value") VALUES ('139', 'nickname', 'user.nickname', 'f', NULL, NULL, '', '', '53', '', 'GD-玩家名称', '', '');
INSERT INTO "game_api_interface_request" ("id", "api_field_name", "property_name", "required", "min_length", "max_length", "reg_exp", "default_value", "interface_id", "remarks", "comment", "min_value", "max_value") VALUES ('140', 'mobile', 'mobile', 'f', NULL, NULL, '', '0', '53', '', 'GD-是否手机登录1手机登录，0否', '', '');
INSERT INTO "game_api_interface_request" ("id", "api_field_name", "property_name", "required", "min_length", "max_length", "reg_exp", "default_value", "interface_id", "remarks", "comment", "min_value", "max_value") VALUES ('141', 'mode', 'mode', 'f', NULL, NULL, '', 'default', '53', '', 'GD-玩家组别', '', '');
INSERT INTO "game_api_interface_request" ("id", "api_field_name", "property_name", "required", "min_length", "max_length", "reg_exp", "default_value", "interface_id", "remarks", "comment", "min_value", "max_value") VALUES ('142', 'AccessKey', 'AccessKey', 't', NULL, NULL, '', '12345', '53', '', 'GD-认证标识', '', '');
INSERT INTO "game_api_interface_request" ("id", "api_field_name", "property_name", "required", "min_length", "max_length", "reg_exp", "default_value", "interface_id", "remarks", "comment", "min_value", "max_value") VALUES ('150', 'PlayerGroup', 'user.playerAllowStake', 'f', NULL, NULL, '', 'default', '53', '', 'GD-玩家组别', '', '');
INSERT INTO "game_api_interface_request" ("id", "api_field_name", "property_name", "required", "min_length", "max_length", "reg_exp", "default_value", "interface_id", "remarks", "comment", "min_value", "max_value") VALUES ('188', 'EnableInGameTransfer', 'EnableInGameTransfer', 'f', NULL, NULL, '', '1', '55', '', 'GD-是否能在登录时存/取款', '', '');




INSERT INTO "game_api_interface_request" ("id", "api_field_name", "property_name", "required", "min_length", "max_length", "reg_exp", "default_value", "interface_id", "remarks", "comment", "min_value", "max_value") VALUES ('400', 'username', 'user.account', 't', NULL, NULL, '^[0-9a-zA-Z]{1,20}$', '', '150', '', 'OG-玩家在游戏平台的账号', '', '');
INSERT INTO "game_api_interface_request" ("id", "api_field_name", "property_name", "required", "min_length", "max_length", "reg_exp", "default_value", "interface_id", "remarks", "comment", "min_value", "max_value") VALUES ('401', 'password', 'user.password', 't', NULL, NULL, '', '', '150', '', 'OG-玩家在游戏平台的账号密码', '', '');
INSERT INTO "game_api_interface_request" ("id", "api_field_name", "property_name", "required", "min_length", "max_length", "reg_exp", "default_value", "interface_id", "remarks", "comment", "min_value", "max_value") VALUES ('402', 'moneysort', 'user.currency', 't', NULL, NULL, '', '', '150', '', 'OG-币种', '', '');
INSERT INTO "game_api_interface_request" ("id", "api_field_name", "property_name", "required", "min_length", "max_length", "reg_exp", "default_value", "interface_id", "remarks", "comment", "min_value", "max_value") VALUES ('404', 'method', 'method', 't', NULL, NULL, '', 'caca', '150', '', 'OG-玩家在游戏平台的账号', '', '');
INSERT INTO "game_api_interface_request" ("id", "api_field_name", "property_name", "required", "min_length", "max_length", "reg_exp", "default_value", "interface_id", "remarks", "comment", "min_value", "max_value") VALUES ('405', 'limit', 'limit', 'f', NULL, NULL, '', '', '150', '', 'OG-限制', '', '');
INSERT INTO "game_api_interface_request" ("id", "api_field_name", "property_name", "required", "min_length", "max_length", "reg_exp", "default_value", "interface_id", "remarks", "comment", "min_value", "max_value") VALUES ('406', 'agent', 'agent', 't', NULL, NULL, '', '', '150', '', 'OG-代理名称', '', '');
INSERT INTO "game_api_interface_request" ("id", "api_field_name", "property_name", "required", "min_length", "max_length", "reg_exp", "default_value", "interface_id", "remarks", "comment", "min_value", "max_value") VALUES ('407', 'limitvideo', 'limitvideo', 'f', NULL, NULL, '', '2', '150', '', 'OG-限制 除轮盘以外游戏限红', '', '');
INSERT INTO "game_api_interface_request" ("id", "api_field_name", "property_name", "required", "min_length", "max_length", "reg_exp", "default_value", "interface_id", "remarks", "comment", "min_value", "max_value") VALUES ('408', 'limitroulette', 'limitroulette', 'f', NULL, NULL, '', '2', '150', '', 'OG-限制 轮盘游戏限红', '', '');
INSERT INTO "game_api_interface_request" ("id", "api_field_name", "property_name", "required", "min_length", "max_length", "reg_exp", "default_value", "interface_id", "remarks", "comment", "min_value", "max_value") VALUES ('410', 'username', 'user.account', 't', NULL, NULL, '^[0-9a-zA-Z]{1,20}$', '', '151', '', 'OG-玩家在游戏平台的账号', '', '');
INSERT INTO "game_api_interface_request" ("id", "api_field_name", "property_name", "required", "min_length", "max_length", "reg_exp", "default_value", "interface_id", "remarks", "comment", "min_value", "max_value") VALUES ('411', 'password', 'user.password', 't', NULL, NULL, '', '', '151', '', 'OG-玩家在游戏平台的账号密码', '', '');
INSERT INTO "game_api_interface_request" ("id", "api_field_name", "property_name", "required", "min_length", "max_length", "reg_exp", "default_value", "interface_id", "remarks", "comment", "min_value", "max_value") VALUES ('412', 'currency', 'user.currency', 't', NULL, NULL, '', '', '151', '', 'OG-币种', '', '');
INSERT INTO "game_api_interface_request" ("id", "api_field_name", "property_name", "required", "min_length", "max_length", "reg_exp", "default_value", "interface_id", "remarks", "comment", "min_value", "max_value") VALUES ('413', 'truename', 'user.nickname', 'f', NULL, NULL, '', '', '151', '', 'OG-玩家在游戏平台的昵称', '', '');
INSERT INTO "game_api_interface_request" ("id", "api_field_name", "property_name", "required", "min_length", "max_length", "reg_exp", "default_value", "interface_id", "remarks", "comment", "min_value", "max_value") VALUES ('414', 'lang', 'user.locale', 't', NULL, NULL, '', '', '151', 'CN,HK,EN,TH,VN', 'OG-游戏语言', '', '');
INSERT INTO "game_api_interface_request" ("id", "api_field_name", "property_name", "required", "min_length", "max_length", "reg_exp", "default_value", "interface_id", "remarks", "comment", "min_value", "max_value") VALUES ('415', 'agent', 'agent', 't', NULL, NULL, '', '', '151', '', 'OG-代理', '', '');
INSERT INTO "game_api_interface_request" ("id", "api_field_name", "property_name", "required", "min_length", "max_length", "reg_exp", "default_value", "interface_id", "remarks", "comment", "min_value", "max_value") VALUES ('416', 'domain', 'domain', 'f', NULL, NULL, '', '', '151', '', 'OG-域名', '', '');
INSERT INTO "game_api_interface_request" ("id", "api_field_name", "property_name", "required", "min_length", "max_length", "reg_exp", "default_value", "interface_id", "remarks", "comment", "min_value", "max_value") VALUES ('417', 'gametype', 'gametype', 'f', NULL, NULL, '', '1', '151', '', 'OG-游戏类型', '', '');
INSERT INTO "game_api_interface_request" ("id", "api_field_name", "property_name", "required", "min_length", "max_length", "reg_exp", "default_value", "interface_id", "remarks", "comment", "min_value", "max_value") VALUES ('418', 'gamekind', 'gamekind', 'f', NULL, NULL, '', '0', '151', '', 'OG-', '', '');
INSERT INTO "game_api_interface_request" ("id", "api_field_name", "property_name", "required", "min_length", "max_length", "reg_exp", "default_value", "interface_id", "remarks", "comment", "min_value", "max_value") VALUES ('419', 'iframe', 'iframe', 'f', NULL, NULL, '', '0', '151', '', 'OG-如果采用iframe框架请设置为1', '', '');
INSERT INTO "game_api_interface_request" ("id", "api_field_name", "property_name", "required", "min_length", "max_length", "reg_exp", "default_value", "interface_id", "remarks", "comment", "min_value", "max_value") VALUES ('420', 'platformname', 'platformname', 'f', NULL, NULL, '', 'Oriental', '151', '', 'OG-平台名称', '', '');
INSERT INTO "game_api_interface_request" ("id", "api_field_name", "property_name", "required", "min_length", "max_length", "reg_exp", "default_value", "interface_id", "remarks", "comment", "min_value", "max_value") VALUES ('422', 'method', 'method', 't', NULL, NULL, '', 'tg', '151', '', 'OG-方法', '', '');
INSERT INTO "game_api_interface_request" ("id", "api_field_name", "property_name", "required", "min_length", "max_length", "reg_exp", "default_value", "interface_id", "remarks", "comment", "min_value", "max_value") VALUES ('424', 'agent', 'agent', 't', NULL, NULL, '', '', '152', '', 'OG-代理', '', '');
INSERT INTO "game_api_interface_request" ("id", "api_field_name", "property_name", "required", "min_length", "max_length", "reg_exp", "default_value", "interface_id", "remarks", "comment", "min_value", "max_value") VALUES ('425', 'billno', 'billno', 't', NULL, NULL, '', '', '152', '', 'OG-交易号', '', '');
INSERT INTO "game_api_interface_request" ("id", "api_field_name", "property_name", "required", "min_length", "max_length", "reg_exp", "default_value", "interface_id", "remarks", "comment", "min_value", "max_value") VALUES ('426', 'type', 'type', 't', NULL, NULL, '', 'in', '152', '', 'OG-转账类型（ IN，OUT）', '', '');
INSERT INTO "game_api_interface_request" ("id", "api_field_name", "property_name", "required", "min_length", "max_length", "reg_exp", "default_value", "interface_id", "remarks", "comment", "min_value", "max_value") VALUES ('427', 'currency', 'user.currency', 't', NULL, NULL, '', '', '152', '', 'OG-币种', '', '');
INSERT INTO "game_api_interface_request" ("id", "api_field_name", "property_name", "required", "min_length", "max_length", "reg_exp", "default_value", "interface_id", "remarks", "comment", "min_value", "max_value") VALUES ('428', 'password', 'user.password', 't', NULL, NULL, '', '', '152', '', 'OG-玩家在游戏平台的账号密码', '', '');
INSERT INTO "game_api_interface_request" ("id", "api_field_name", "property_name", "required", "min_length", "max_length", "reg_exp", "default_value", "interface_id", "remarks", "comment", "min_value", "max_value") VALUES ('429', 'username', 'user.account', 't', NULL, NULL, '^[0-9a-zA-Z]{1,20}$', '', '152', '', 'OG-玩家在游戏平台的账号', '', '');
INSERT INTO "game_api_interface_request" ("id", "api_field_name", "property_name", "required", "min_length", "max_length", "reg_exp", "default_value", "interface_id", "remarks", "comment", "min_value", "max_value") VALUES ('430', 'credit', 'amount', 't', NULL, NULL, '', '', '152', '', 'OG-转账金额', '', '');
INSERT INTO "game_api_interface_request" ("id", "api_field_name", "property_name", "required", "min_length", "max_length", "reg_exp", "default_value", "interface_id", "remarks", "comment", "min_value", "max_value") VALUES ('431', 'method', 'method', 't', NULL, NULL, '', 'ptc', '152', '', 'OG-方法', '', '');
INSERT INTO "game_api_interface_request" ("id", "api_field_name", "property_name", "required", "min_length", "max_length", "reg_exp", "default_value", "interface_id", "remarks", "comment", "min_value", "max_value") VALUES ('432', 'agent', 'agent', 't', NULL, NULL, '', '', '153', '', 'OG-代理', '', '');
INSERT INTO "game_api_interface_request" ("id", "api_field_name", "property_name", "required", "min_length", "max_length", "reg_exp", "default_value", "interface_id", "remarks", "comment", "min_value", "max_value") VALUES ('433', 'billno', 'billno', 't', NULL, NULL, '', '', '153', '', 'OG-交易号', '', '');
INSERT INTO "game_api_interface_request" ("id", "api_field_name", "property_name", "required", "min_length", "max_length", "reg_exp", "default_value", "interface_id", "remarks", "comment", "min_value", "max_value") VALUES ('434', 'type', 'type', 't', NULL, NULL, '', 'out', '153', '', 'OG-转账类型（ IN，OUT）', '', '');
INSERT INTO "game_api_interface_request" ("id", "api_field_name", "property_name", "required", "min_length", "max_length", "reg_exp", "default_value", "interface_id", "remarks", "comment", "min_value", "max_value") VALUES ('435', 'currency', 'user.currency', 't', NULL, NULL, '', '', '153', '', 'OG-币种', '', '');
INSERT INTO "game_api_interface_request" ("id", "api_field_name", "property_name", "required", "min_length", "max_length", "reg_exp", "default_value", "interface_id", "remarks", "comment", "min_value", "max_value") VALUES ('436', 'password', 'user.password', 't', NULL, NULL, '', '', '153', '', 'OG-玩家在游戏平台的账号密码', '', '');
INSERT INTO "game_api_interface_request" ("id", "api_field_name", "property_name", "required", "min_length", "max_length", "reg_exp", "default_value", "interface_id", "remarks", "comment", "min_value", "max_value") VALUES ('437', 'username', 'user.account', 't', NULL, NULL, '^[0-9a-zA-Z]{1,20}$', '', '153', '', 'OG-玩家在游戏平台的账号', '', '');
INSERT INTO "game_api_interface_request" ("id", "api_field_name", "property_name", "required", "min_length", "max_length", "reg_exp", "default_value", "interface_id", "remarks", "comment", "min_value", "max_value") VALUES ('438', 'credit', 'amount', 't', NULL, NULL, '', '', '153', '', 'OG-转账金额', '', '');
INSERT INTO "game_api_interface_request" ("id", "api_field_name", "property_name", "required", "min_length", "max_length", "reg_exp", "default_value", "interface_id", "remarks", "comment", "min_value", "max_value") VALUES ('439', 'method', 'method', 't', NULL, NULL, '', 'ptc', '153', '', 'OG-方法', '', '');
INSERT INTO "game_api_interface_request" ("id", "api_field_name", "property_name", "required", "min_length", "max_length", "reg_exp", "default_value", "interface_id", "remarks", "comment", "min_value", "max_value") VALUES ('440', 'agent', 'agent', 't', NULL, NULL, '', '', '154', '', 'OG-代理', '', '');
INSERT INTO "game_api_interface_request" ("id", "api_field_name", "property_name", "required", "min_length", "max_length", "reg_exp", "default_value", "interface_id", "remarks", "comment", "min_value", "max_value") VALUES ('447', 'method', 'method', 't', NULL, NULL, '', 'gb', '154', '', 'OG-方法', '', '');
INSERT INTO "game_api_interface_request" ("id", "api_field_name", "property_name", "required", "min_length", "max_length", "reg_exp", "default_value", "interface_id", "remarks", "comment", "min_value", "max_value") VALUES ('450', 'agent', 'agent', 't', NULL, NULL, '', '', '155', '', 'OG-代理', '', '');
INSERT INTO "game_api_interface_request" ("id", "api_field_name", "property_name", "required", "min_length", "max_length", "reg_exp", "default_value", "interface_id", "remarks", "comment", "min_value", "max_value") VALUES ('451', 'vendorid', 'vendorid', 't', NULL, NULL, '', '', '155', '', 'OG-起始序号，最多200', '', '');
INSERT INTO "game_api_interface_request" ("id", "api_field_name", "property_name", "required", "min_length", "max_length", "reg_exp", "default_value", "interface_id", "remarks", "comment", "min_value", "max_value") VALUES ('453', 'method', 'method', 't', NULL, NULL, '', 'gbrbv', '155', '', 'OG-方法', '', '');
INSERT INTO "game_api_interface_request" ("id", "api_field_name", "property_name", "required", "min_length", "max_length", "reg_exp", "default_value", "interface_id", "remarks", "comment", "min_value", "max_value") VALUES ('454', 'agent', 'agent', 't', NULL, NULL, '', '', '157', '', 'OG-代理', '', '');
INSERT INTO "game_api_interface_request" ("id", "api_field_name", "property_name", "required", "min_length", "max_length", "reg_exp", "default_value", "interface_id", "remarks", "comment", "min_value", "max_value") VALUES ('455', 'billno', 'billno', 't', NULL, NULL, '', '', '157', '', 'OG-交易号', '', '');
INSERT INTO "game_api_interface_request" ("id", "api_field_name", "property_name", "required", "min_length", "max_length", "reg_exp", "default_value", "interface_id", "remarks", "comment", "min_value", "max_value") VALUES ('456', 'type', 'type', 't', NULL, NULL, '', '', '157', '', 'OG-转账类型（ IN，OUT）', '', '');
INSERT INTO "game_api_interface_request" ("id", "api_field_name", "property_name", "required", "min_length", "max_length", "reg_exp", "default_value", "interface_id", "remarks", "comment", "min_value", "max_value") VALUES ('458', 'password', 'user.password', 't', NULL, NULL, '', '', '157', '', 'OG-玩家在游戏平台的账号密码', '', '');
INSERT INTO "game_api_interface_request" ("id", "api_field_name", "property_name", "required", "min_length", "max_length", "reg_exp", "default_value", "interface_id", "remarks", "comment", "min_value", "max_value") VALUES ('459', 'username', 'user.account', 't', NULL, NULL, '^[0-9a-zA-Z]{1,20}$', '', '157', '', 'OG-玩家在游戏平台的账号', '', '');
INSERT INTO "game_api_interface_request" ("id", "api_field_name", "property_name", "required", "min_length", "max_length", "reg_exp", "default_value", "interface_id", "remarks", "comment", "min_value", "max_value") VALUES ('460', 'credit', 'credit', 't', NULL, NULL, '', '', '157', '', 'OG-转账金额', '', '');
INSERT INTO "game_api_interface_request" ("id", "api_field_name", "property_name", "required", "min_length", "max_length", "reg_exp", "default_value", "interface_id", "remarks", "comment", "min_value", "max_value") VALUES ('461', 'method', 'method', 't', NULL, NULL, '', 'ctc', '157', '', 'OG-方法', '', '');
INSERT INTO "game_api_interface_request" ("id", "api_field_name", "property_name", "required", "min_length", "max_length", "reg_exp", "default_value", "interface_id", "remarks", "comment", "min_value", "max_value") VALUES ('470', 'method', 'method', 't', NULL, NULL, '', 'lg', '158', '', 'OG-方法', '', '');
INSERT INTO "game_api_interface_request" ("id", "api_field_name", "property_name", "required", "min_length", "max_length", "reg_exp", "default_value", "interface_id", "remarks", "comment", "min_value", "max_value") VALUES ('471', 'username', 'user.account', 't', NULL, NULL, '^[0-9a-zA-Z]{1,20}$', '', '158', '', 'OG-玩家在游戏平台的账号', '', '');
INSERT INTO "game_api_interface_request" ("id", "api_field_name", "property_name", "required", "min_length", "max_length", "reg_exp", "default_value", "interface_id", "remarks", "comment", "min_value", "max_value") VALUES ('472', 'agent', 'agent', 't', NULL, NULL, '', '', '158', '', 'OG-代理', '', '');
--新增PT
INSERT INTO "game_api_interface_request" ("id", "api_field_name", "property_name", "required", "min_length", "max_length", "reg_exp", "default_value", "interface_id", "remarks", "comment", "min_value", "max_value") VALUES ('502', 'currency', 'user.currency', 't', NULL, NULL, '', '', '160', '', 'PT-币种', '', '');
INSERT INTO "game_api_interface_request" ("id", "api_field_name", "property_name", "required", "min_length", "max_length", "reg_exp", "default_value", "interface_id", "remarks", "comment", "min_value", "max_value") VALUES ('501', 'password', 'user.password', 't', NULL, NULL, '', '', '160', '', 'PT-玩家游戏密码', '', '');
INSERT INTO "game_api_interface_request" ("id", "api_field_name", "property_name", "required", "min_length", "max_length", "reg_exp", "default_value", "interface_id", "remarks", "comment", "min_value", "max_value") VALUES ('500', 'membercode', 'user.account', 't', NULL, NULL, '', '', '160', '', 'PT-玩家游戏账号', '', '');
INSERT INTO "game_api_interface_request" ("id", "api_field_name", "property_name", "required", "min_length", "max_length", "reg_exp", "default_value", "interface_id", "remarks", "comment", "min_value", "max_value") VALUES ('529', 'nolobby', 'nolobby', 't', NULL, NULL, '', '1', '161', '', 'PT-', '', '');
INSERT INTO "game_api_interface_request" ("id", "api_field_name", "property_name", "required", "min_length", "max_length", "reg_exp", "default_value", "interface_id", "remarks", "comment", "min_value", "max_value") VALUES ('528', 'game', 'gameId', 't', NULL, NULL, '', '', '161', '', 'PT-游戏', '', '');
INSERT INTO "game_api_interface_request" ("id", "api_field_name", "property_name", "required", "min_length", "max_length", "reg_exp", "default_value", "interface_id", "remarks", "comment", "min_value", "max_value") VALUES ('507', 'gamecode', 'gameId', 't', NULL, NULL, '', '', '161', '', 'PT-游戏代码', '', '');
INSERT INTO "game_api_interface_request" ("id", "api_field_name", "property_name", "required", "min_length", "max_length", "reg_exp", "default_value", "interface_id", "remarks", "comment", "min_value", "max_value") VALUES ('506', 'ipaddress', 'user.ipAddress', 't', NULL, NULL, '', '', '161', '', 'PT-ip地址', '', '');
INSERT INTO "game_api_interface_request" ("id", "api_field_name", "property_name", "required", "min_length", "max_length", "reg_exp", "default_value", "interface_id", "remarks", "comment", "min_value", "max_value") VALUES ('505', 'language', 'user.locale', 't', NULL, NULL, '', '', '161', '', 'PT-游戏语言', '', '');
INSERT INTO "game_api_interface_request" ("id", "api_field_name", "property_name", "required", "min_length", "max_length", "reg_exp", "default_value", "interface_id", "remarks", "comment", "min_value", "max_value") VALUES ('504', 'producttype', 'producttype', 't', NULL, NULL, '', '0', '161', '', 'PT-产品类型', '', '');
INSERT INTO "game_api_interface_request" ("id", "api_field_name", "property_name", "required", "min_length", "max_length", "reg_exp", "default_value", "interface_id", "remarks", "comment", "min_value", "max_value") VALUES ('503', 'membercode', 'user.account', 't', NULL, NULL, '', '', '161', '', 'PT-玩家游戏账号', '', '');
INSERT INTO "game_api_interface_request" ("id", "api_field_name", "property_name", "required", "min_length", "max_length", "reg_exp", "default_value", "interface_id", "remarks", "comment", "min_value", "max_value") VALUES ('511', 'externaltransactionid', 'transId', 't', NULL, NULL, '', '', '162', '', 'PT-交易号', '', '');
INSERT INTO "game_api_interface_request" ("id", "api_field_name", "property_name", "required", "min_length", "max_length", "reg_exp", "default_value", "interface_id", "remarks", "comment", "min_value", "max_value") VALUES ('510', 'Amount', 'amount', 't', NULL, NULL, '', '', '162', '', 'PT-转账金额', '', '');
INSERT INTO "game_api_interface_request" ("id", "api_field_name", "property_name", "required", "min_length", "max_length", "reg_exp", "default_value", "interface_id", "remarks", "comment", "min_value", "max_value") VALUES ('508', 'membercode', 'user.account', 't', NULL, NULL, '', '', '162', '', 'PT-玩家游戏账号', '', '');
INSERT INTO "game_api_interface_request" ("id", "api_field_name", "property_name", "required", "min_length", "max_length", "reg_exp", "default_value", "interface_id", "remarks", "comment", "min_value", "max_value") VALUES ('509', 'producttype', 'producttype', 't', NULL, NULL, '', '0', '162', '', 'PT-产品类型', '', '');
INSERT INTO "game_api_interface_request" ("id", "api_field_name", "property_name", "required", "min_length", "max_length", "reg_exp", "default_value", "interface_id", "remarks", "comment", "min_value", "max_value") VALUES ('515', 'externaltransactionid', 'transId', 't', NULL, NULL, '', '', '163', '', 'PT-交易号', '', '');
INSERT INTO "game_api_interface_request" ("id", "api_field_name", "property_name", "required", "min_length", "max_length", "reg_exp", "default_value", "interface_id", "remarks", "comment", "min_value", "max_value") VALUES ('514', 'Amount', 'amount', 't', NULL, NULL, '', '', '163', '', 'PT-转账金额', '', '');
INSERT INTO "game_api_interface_request" ("id", "api_field_name", "property_name", "required", "min_length", "max_length", "reg_exp", "default_value", "interface_id", "remarks", "comment", "min_value", "max_value") VALUES ('513', 'producttype', 'producttype', 't', NULL, NULL, '', '0', '163', '', 'PT-产品类型', '', '');
INSERT INTO "game_api_interface_request" ("id", "api_field_name", "property_name", "required", "min_length", "max_length", "reg_exp", "default_value", "interface_id", "remarks", "comment", "min_value", "max_value") VALUES ('512', 'membercode', 'user.account', 't', NULL, NULL, '', '', '163', '', 'PT-玩家游戏账号', '', '');
INSERT INTO "game_api_interface_request" ("id", "api_field_name", "property_name", "required", "min_length", "max_length", "reg_exp", "default_value", "interface_id", "remarks", "comment", "min_value", "max_value") VALUES ('517', 'accounts', 'accounts', 't', NULL, NULL, '', '', '164', '', 'PT-玩家', '', '');
INSERT INTO "game_api_interface_request" ("id", "api_field_name", "property_name", "required", "min_length", "max_length", "reg_exp", "default_value", "interface_id", "remarks", "comment", "min_value", "max_value") VALUES ('516', 'producttype', 'producttype', 't', NULL, NULL, '', '0', '164', '', 'PT-产品类型', '', '');
INSERT INTO "game_api_interface_request" ("id", "api_field_name", "property_name", "required", "min_length", "max_length", "reg_exp", "default_value", "interface_id", "remarks", "comment", "min_value", "max_value") VALUES ('522', 'currency', 'currency', 't', NULL, NULL, '', '', '165', '', 'PT-币种', '', '');
INSERT INTO "game_api_interface_request" ("id", "api_field_name", "property_name", "required", "min_length", "max_length", "reg_exp", "default_value", "interface_id", "remarks", "comment", "min_value", "max_value") VALUES ('521', 'producttype', 'producttype', 't', NULL, NULL, '', '0', '165', '', 'PT-产品类型', '', '');
INSERT INTO "game_api_interface_request" ("id", "api_field_name", "property_name", "required", "min_length", "max_length", "reg_exp", "default_value", "interface_id", "remarks", "comment", "min_value", "max_value") VALUES ('520', 'page', 'page', 't', NULL, NULL, '', '1', '165', '', 'PT-玩家', '', '');
INSERT INTO "game_api_interface_request" ("id", "api_field_name", "property_name", "required", "min_length", "max_length", "reg_exp", "default_value", "interface_id", "remarks", "comment", "min_value", "max_value") VALUES ('519', 'enddate', 'endTime', 't', NULL, NULL, '', '', '165', '', 'PT-查询结束时间', '', '');
INSERT INTO "game_api_interface_request" ("id", "api_field_name", "property_name", "required", "min_length", "max_length", "reg_exp", "default_value", "interface_id", "remarks", "comment", "min_value", "max_value") VALUES ('518', 'startdate', 'startTime', 't', NULL, NULL, '', '', '165', '', 'PT-查询开始时间', '', '');
INSERT INTO "game_api_interface_request" ("id", "api_field_name", "property_name", "required", "min_length", "max_length", "reg_exp", "default_value", "interface_id", "remarks", "comment", "min_value", "max_value") VALUES ('525', 'producttype', 'producttype', 't', NULL, NULL, '', '0', '167', '', 'PT-产品类型', '', '');
INSERT INTO "game_api_interface_request" ("id", "api_field_name", "property_name", "required", "min_length", "max_length", "reg_exp", "default_value", "interface_id", "remarks", "comment", "min_value", "max_value") VALUES ('524', 'externaltransactionid', 'transId', 't', NULL, NULL, '', '', '167', '', 'PT-交易号', '', '');
INSERT INTO "game_api_interface_request" ("id", "api_field_name", "property_name", "required", "min_length", "max_length", "reg_exp", "default_value", "interface_id", "remarks", "comment", "min_value", "max_value") VALUES ('523', 'membercode', 'user.account', 't', NULL, NULL, '', '', '167', '', 'PT-玩家游戏账号', '', '');
INSERT INTO "game_api_interface_request" ("id", "api_field_name", "property_name", "required", "min_length", "max_length", "reg_exp", "default_value", "interface_id", "remarks", "comment", "min_value", "max_value") VALUES ('527', 'producttype', 'producttype', 't', NULL, NULL, '', '0', '168', '', 'PT-产品类型', '', '');
INSERT INTO "game_api_interface_request" ("id", "api_field_name", "property_name", "required", "min_length", "max_length", "reg_exp", "default_value", "interface_id", "remarks", "comment", "min_value", "max_value") VALUES ('526', 'membercode', 'user.account', 't', NULL, NULL, '', '', '168', '', 'PT-玩家游戏账号', '', '');
--新增SLC
INSERT INTO "game_api_interface_request" ("id", "api_field_name", "property_name", "required", "min_length", "max_length", "reg_exp", "default_value", "interface_id", "remarks", "comment", "min_value", "max_value") VALUES ('650', 'language', 'user.locale', 't', NULL, NULL, '', '', '180', '', 'SLC-玩家游戏密码', '', '');
INSERT INTO "game_api_interface_request" ("id", "api_field_name", "property_name", "required", "min_length", "max_length", "reg_exp", "default_value", "interface_id", "remarks", "comment", "min_value", "max_value") VALUES ('610', 'consumerPassword', 'consumerPassword', 't', NULL, NULL, '', '', '180', '', 'SLC-代理账号密码', '', '');
INSERT INTO "game_api_interface_request" ("id", "api_field_name", "property_name", "required", "min_length", "max_length", "reg_exp", "default_value", "interface_id", "remarks", "comment", "min_value", "max_value") VALUES ('609', 'consumerId', 'consumerId', 't', NULL, NULL, '', '', '180', '', 'SLC-代理账号', '', '');
INSERT INTO "game_api_interface_request" ("id", "api_field_name", "property_name", "required", "min_length", "max_length", "reg_exp", "default_value", "interface_id", "remarks", "comment", "min_value", "max_value") VALUES ('608', 'userName', 'user.account', 't', NULL, NULL, '', '', '180', '', 'SLC-玩家游戏账号', '', '');
INSERT INTO "game_api_interface_request" ("id", "api_field_name", "property_name", "required", "min_length", "max_length", "reg_exp", "default_value", "interface_id", "remarks", "comment", "min_value", "max_value") VALUES ('607', 'Password', 'user.password', 't', NULL, NULL, '', '', '180', '', 'SLC-玩家游戏密码', '', '');
INSERT INTO "game_api_interface_request" ("id", "api_field_name", "property_name", "required", "min_length", "max_length", "reg_exp", "default_value", "interface_id", "remarks", "comment", "min_value", "max_value") VALUES ('611', 'userName', 'user.account', 't', NULL, NULL, '', '', '181', '', 'SLC-玩家游戏账号', '', '');
INSERT INTO "game_api_interface_request" ("id", "api_field_name", "property_name", "required", "min_length", "max_length", "reg_exp", "default_value", "interface_id", "remarks", "comment", "min_value", "max_value") VALUES ('612', 'consumerId', 'consumerId', 't', NULL, NULL, '', '', '181', '', 'SLC-代理账号', '', '');
INSERT INTO "game_api_interface_request" ("id", "api_field_name", "property_name", "required", "min_length", "max_length", "reg_exp", "default_value", "interface_id", "remarks", "comment", "min_value", "max_value") VALUES ('613', 'consumerPassword', 'consumerPassword', 't', NULL, NULL, '', '', '181', '', 'SLC-代理账号密码', '', '');
INSERT INTO "game_api_interface_request" ("id", "api_field_name", "property_name", "required", "min_length", "max_length", "reg_exp", "default_value", "interface_id", "remarks", "comment", "min_value", "max_value") VALUES ('614', 'amount', 'amount', 't', NULL, NULL, '', '', '181', '', 'SLC-转账金额', '', '');
INSERT INTO "game_api_interface_request" ("id", "api_field_name", "property_name", "required", "min_length", "max_length", "reg_exp", "default_value", "interface_id", "remarks", "comment", "min_value", "max_value") VALUES ('615', 'clientRefTransId', 'transId', 't', NULL, NULL, '', '', '181', '', 'SLC-交易号', '', '');
INSERT INTO "game_api_interface_request" ("id", "api_field_name", "property_name", "required", "min_length", "max_length", "reg_exp", "default_value", "interface_id", "remarks", "comment", "min_value", "max_value") VALUES ('617', 'consumerId', 'consumerId', 't', NULL, NULL, '', '', '182', '', 'SLC-代理账号', '', '');
INSERT INTO "game_api_interface_request" ("id", "api_field_name", "property_name", "required", "min_length", "max_length", "reg_exp", "default_value", "interface_id", "remarks", "comment", "min_value", "max_value") VALUES ('620', 'clientRefTransId', 'transId', 't', NULL, NULL, '', '', '182', '', 'SLC-交易号', '', '');
INSERT INTO "game_api_interface_request" ("id", "api_field_name", "property_name", "required", "min_length", "max_length", "reg_exp", "default_value", "interface_id", "remarks", "comment", "min_value", "max_value") VALUES ('619', 'amount', 'amount', 't', NULL, NULL, '', '', '182', '', 'SLC-转账金额', '', '');
INSERT INTO "game_api_interface_request" ("id", "api_field_name", "property_name", "required", "min_length", "max_length", "reg_exp", "default_value", "interface_id", "remarks", "comment", "min_value", "max_value") VALUES ('618', 'consumerPassword', 'consumerPassword', 't', NULL, NULL, '', '', '182', '', 'SLC-代理账号密码', '', '');
INSERT INTO "game_api_interface_request" ("id", "api_field_name", "property_name", "required", "min_length", "max_length", "reg_exp", "default_value", "interface_id", "remarks", "comment", "min_value", "max_value") VALUES ('616', 'userName', 'user.account', 't', NULL, NULL, '', '', '182', '', 'SLC-玩家游戏账号', '', '');
INSERT INTO "game_api_interface_request" ("id", "api_field_name", "property_name", "required", "min_length", "max_length", "reg_exp", "default_value", "interface_id", "remarks", "comment", "min_value", "max_value") VALUES ('623', 'consumerPassword', 'consumerPassword', 't', NULL, NULL, '', '', '183', '', 'SLC-代理账号密码', '', '');
INSERT INTO "game_api_interface_request" ("id", "api_field_name", "property_name", "required", "min_length", "max_length", "reg_exp", "default_value", "interface_id", "remarks", "comment", "min_value", "max_value") VALUES ('622', 'consumerId', 'consumerId', 't', NULL, NULL, '', '', '183', '', 'SLC-代理账号', '', '');
INSERT INTO "game_api_interface_request" ("id", "api_field_name", "property_name", "required", "min_length", "max_length", "reg_exp", "default_value", "interface_id", "remarks", "comment", "min_value", "max_value") VALUES ('621', 'accounts', 'accounts', 't', NULL, NULL, '', '', '183', '', 'SLC-玩家游戏账号', '', '');
INSERT INTO "game_api_interface_request" ("id", "api_field_name", "property_name", "required", "min_length", "max_length", "reg_exp", "default_value", "interface_id", "remarks", "comment", "min_value", "max_value") VALUES ('626', 'fromDate', 'startTime', 't', NULL, NULL, '', '', '184', '', 'SLC-查询开始时间', '', '');
INSERT INTO "game_api_interface_request" ("id", "api_field_name", "property_name", "required", "min_length", "max_length", "reg_exp", "default_value", "interface_id", "remarks", "comment", "min_value", "max_value") VALUES ('628', 'fromRowNo', 'startId', 't', NULL, NULL, '', '0', '184', '', 'SLC-查询起始序号', '', '');
INSERT INTO "game_api_interface_request" ("id", "api_field_name", "property_name", "required", "min_length", "max_length", "reg_exp", "default_value", "interface_id", "remarks", "comment", "min_value", "max_value") VALUES ('627', 'ToDate', 'endTime', 't', NULL, NULL, '', '', '184', '', 'SLC-查询结束时间', '', '');
INSERT INTO "game_api_interface_request" ("id", "api_field_name", "property_name", "required", "min_length", "max_length", "reg_exp", "default_value", "interface_id", "remarks", "comment", "min_value", "max_value") VALUES ('625', 'consumerPassword', 'consumerPassword', 't', NULL, NULL, '', '', '184', '', 'SLC-代理账号密码', '', '');
INSERT INTO "game_api_interface_request" ("id", "api_field_name", "property_name", "required", "min_length", "max_length", "reg_exp", "default_value", "interface_id", "remarks", "comment", "min_value", "max_value") VALUES ('624', 'consumerId', 'consumerId', 't', NULL, NULL, '', '', '184', '', 'SLC-代理账号', '', '');
INSERT INTO "game_api_interface_request" ("id", "api_field_name", "property_name", "required", "min_length", "max_length", "reg_exp", "default_value", "interface_id", "remarks", "comment", "min_value", "max_value") VALUES ('629', 'clientRefTransId', 'transId', 't', NULL, NULL, '', '', '186', '', 'SLC-交易号', '', '');
INSERT INTO "game_api_interface_request" ("id", "api_field_name", "property_name", "required", "min_length", "max_length", "reg_exp", "default_value", "interface_id", "remarks", "comment", "min_value", "max_value") VALUES ('632', 'userName', 'user.account', 't', NULL, NULL, '', '', '187', '', 'SLC-玩家游戏账号', '', '');
INSERT INTO "game_api_interface_request" ("id", "api_field_name", "property_name", "required", "min_length", "max_length", "reg_exp", "default_value", "interface_id", "remarks", "comment", "min_value", "max_value") VALUES ('631', 'consumerId', 'consumerId', 't', NULL, NULL, '', '', '187', '', 'SLC-代理账号', '', '');
INSERT INTO "game_api_interface_request" ("id", "api_field_name", "property_name", "required", "min_length", "max_length", "reg_exp", "default_value", "interface_id", "remarks", "comment", "min_value", "max_value") VALUES ('630', 'consumerPassword', 'consumerPassword', 't', NULL, NULL, '', '', '187', '', 'SLC-代理账号密码', '', '');
INSERT INTO "game_api_interface_request" ("id", "api_field_name", "property_name", "required", "min_length", "max_length", "reg_exp", "default_value", "interface_id", "remarks", "comment", "min_value", "max_value") VALUES ('605', 'FirstName', 'user.nickname', 'f', NULL, NULL, '', '', '188', '', 'SLC-玩家fiststname', '', '');
INSERT INTO "game_api_interface_request" ("id", "api_field_name", "property_name", "required", "min_length", "max_length", "reg_exp", "default_value", "interface_id", "remarks", "comment", "min_value", "max_value") VALUES ('606', 'LastName', '', 'f', NULL, NULL, '', '', '188', '', 'SLC-玩家lastname', '', '');
INSERT INTO "game_api_interface_request" ("id", "api_field_name", "property_name", "required", "min_length", "max_length", "reg_exp", "default_value", "interface_id", "remarks", "comment", "min_value", "max_value") VALUES ('604', 'consumerPassword', 'consumerPassword', 't', NULL, NULL, '', '', '188', '', 'SLC-代理账号密码', '', '');
INSERT INTO "game_api_interface_request" ("id", "api_field_name", "property_name", "required", "min_length", "max_length", "reg_exp", "default_value", "interface_id", "remarks", "comment", "min_value", "max_value") VALUES ('603', 'consumerId', 'consumerId', 't', NULL, NULL, '', '', '188', '', 'SLC-代理账号', '', '');
INSERT INTO "game_api_interface_request" ("id", "api_field_name", "property_name", "required", "min_length", "max_length", "reg_exp", "default_value", "interface_id", "remarks", "comment", "min_value", "max_value") VALUES ('602', 'userName', 'user.account', 't', NULL, NULL, '', '', '188', '', 'SLC-玩家游戏账号', '', '');
INSERT INTO "game_api_interface_request" ("id", "api_field_name", "property_name", "required", "min_length", "max_length", "reg_exp", "default_value", "interface_id", "remarks", "comment", "min_value", "max_value") VALUES ('601', 'Password', 'user.password', 't', NULL, NULL, '', '', '188', '', 'SLC-玩家游戏密码', '', '');
INSERT INTO "game_api_interface_request" ("id", "api_field_name", "property_name", "required", "min_length", "max_length", "reg_exp", "default_value", "interface_id", "remarks", "comment", "min_value", "max_value") VALUES ('600', 'currencyCode', 'user.currency', 't', NULL, NULL, '', '', '188', '', 'SLC-币种', '', '');

--20160311
INSERT INTO "game_api_interface_request" ("id", "api_field_name", "property_name", "required", "min_length", "max_length", "reg_exp", "default_value", "interface_id", "remarks", "comment", "min_value", "max_value") VALUES ('530', 'loginurl', 'loginurl', 't', NULL, NULL, '', '', '161', '', 'PT-玩家登陆地址', '', '');

INSERT INTO "game_api_interface_request" ("id", "api_field_name", "property_name", "required", "min_length", "max_length", "reg_exp", "default_value", "interface_id", "remarks", "comment", "min_value", "max_value") VALUES ('531', 'password', 'user.password', 't', NULL, NULL, '', '', '161', '', 'PT-玩家密码', '', '');

INSERT INTO "game_api_interface_request" ("id", "api_field_name", "property_name", "required", "min_length", "max_length", "reg_exp", "default_value", "interface_id", "remarks", "comment", "min_value", "max_value") VALUES ('532', 'merchantname', 'merchantname', 't', NULL, NULL, '', '', '160', '', 'PT-代理名称', '', '');
INSERT INTO "game_api_interface_request" ("id", "api_field_name", "property_name", "required", "min_length", "max_length", "reg_exp", "default_value", "interface_id", "remarks", "comment", "min_value", "max_value") VALUES ('533', 'merchantcode', 'merchantcode', 't', NULL, NULL, '', '', '160', '', 'PT-代理code', '', '');
INSERT INTO "game_api_interface_request" ("id", "api_field_name", "property_name", "required", "min_length", "max_length", "reg_exp", "default_value", "interface_id", "remarks", "comment", "min_value", "max_value") VALUES ('534', 'merchantname', 'merchantname', 't', NULL, NULL, '', '', '161', '', 'PT-代理名称', '', '');
INSERT INTO "game_api_interface_request" ("id", "api_field_name", "property_name", "required", "min_length", "max_length", "reg_exp", "default_value", "interface_id", "remarks", "comment", "min_value", "max_value") VALUES ('535', 'merchantcode', 'merchantcode', 't', NULL, NULL, '', '', '161', '', 'PT-代理code', '', '');
INSERT INTO "game_api_interface_request" ("id", "api_field_name", "property_name", "required", "min_length", "max_length", "reg_exp", "default_value", "interface_id", "remarks", "comment", "min_value", "max_value") VALUES ('536', 'merchantname', 'merchantname', 't', NULL, NULL, '', '', '162', '', 'PT-代理名称', '', '');
INSERT INTO "game_api_interface_request" ("id", "api_field_name", "property_name", "required", "min_length", "max_length", "reg_exp", "default_value", "interface_id", "remarks", "comment", "min_value", "max_value") VALUES ('537', 'merchantcode', 'merchantcode', 't', NULL, NULL, '', '', '162', '', 'PT-代理code', '', '');
INSERT INTO "game_api_interface_request" ("id", "api_field_name", "property_name", "required", "min_length", "max_length", "reg_exp", "default_value", "interface_id", "remarks", "comment", "min_value", "max_value") VALUES ('538', 'merchantname', 'merchantname', 't', NULL, NULL, '', '', '163', '', 'PT-代理名称', '', '');
INSERT INTO "game_api_interface_request" ("id", "api_field_name", "property_name", "required", "min_length", "max_length", "reg_exp", "default_value", "interface_id", "remarks", "comment", "min_value", "max_value") VALUES ('539', 'merchantcode', 'merchantcode', 't', NULL, NULL, '', '', '163', '', 'PT-代理code', '', '');
INSERT INTO "game_api_interface_request" ("id", "api_field_name", "property_name", "required", "min_length", "max_length", "reg_exp", "default_value", "interface_id", "remarks", "comment", "min_value", "max_value") VALUES ('540', 'merchantname', 'merchantname', 't', NULL, NULL, '', '', '164', '', 'PT-代理名称', '', '');
INSERT INTO "game_api_interface_request" ("id", "api_field_name", "property_name", "required", "min_length", "max_length", "reg_exp", "default_value", "interface_id", "remarks", "comment", "min_value", "max_value") VALUES ('541', 'merchantcode', 'merchantcode', 't', NULL, NULL, '', '', '164', '', 'PT-代理code', '', '');
INSERT INTO "game_api_interface_request" ("id", "api_field_name", "property_name", "required", "min_length", "max_length", "reg_exp", "default_value", "interface_id", "remarks", "comment", "min_value", "max_value") VALUES ('542', 'merchantname', 'merchantname', 't', NULL, NULL, '', '', '165', '', 'PT-代理名称', '', '');
INSERT INTO "game_api_interface_request" ("id", "api_field_name", "property_name", "required", "min_length", "max_length", "reg_exp", "default_value", "interface_id", "remarks", "comment", "min_value", "max_value") VALUES ('543', 'merchantcode', 'merchantcode', 't', NULL, NULL, '', '', '165', '', 'PT-代理code', '', '');
INSERT INTO "game_api_interface_request" ("id", "api_field_name", "property_name", "required", "min_length", "max_length", "reg_exp", "default_value", "interface_id", "remarks", "comment", "min_value", "max_value") VALUES ('544', 'merchantname', 'merchantname', 't', NULL, NULL, '', '', '166', '', 'PT-代理名称', '', '');
INSERT INTO "game_api_interface_request" ("id", "api_field_name", "property_name", "required", "min_length", "max_length", "reg_exp", "default_value", "interface_id", "remarks", "comment", "min_value", "max_value") VALUES ('545', 'merchantcode', 'merchantcode', 't', NULL, NULL, '', '', '166', '', 'PT-代理code', '', '');
INSERT INTO "game_api_interface_request" ("id", "api_field_name", "property_name", "required", "min_length", "max_length", "reg_exp", "default_value", "interface_id", "remarks", "comment", "min_value", "max_value") VALUES ('546', 'merchantname', 'merchantname', 't', NULL, NULL, '', '', '167', '', 'PT-代理名称', '', '');
INSERT INTO "game_api_interface_request" ("id", "api_field_name", "property_name", "required", "min_length", "max_length", "reg_exp", "default_value", "interface_id", "remarks", "comment", "min_value", "max_value") VALUES ('547', 'merchantcode', 'merchantcode', 't', NULL, NULL, '', '', '167', '', 'PT-代理code', '', '');
INSERT INTO "game_api_interface_request" ("id", "api_field_name", "property_name", "required", "min_length", "max_length", "reg_exp", "default_value", "interface_id", "remarks", "comment", "min_value", "max_value") VALUES ('548', 'merchantname', 'merchantname', 't', NULL, NULL, '', '', '168', '', 'PT-代理名称', '', '');
INSERT INTO "game_api_interface_request" ("id", "api_field_name", "property_name", "required", "min_length", "max_length", "reg_exp", "default_value", "interface_id", "remarks", "comment", "min_value", "max_value") VALUES ('549', 'merchantcode', 'merchantcode', 't', NULL, NULL, '', '', '168', '', 'PT-代理code', '', '');

--新增AG
INSERT INTO "game_api_interface_request" ("id", "api_field_name", "property_name", "required", "min_length", "max_length", "reg_exp", "default_value", "interface_id", "remarks", "comment", "min_value", "max_value") VALUES ('700', 'cagent', 'cagent', 't', NULL, NULL, '', '', '190', '', 'AG-代理', '', '');
INSERT INTO "game_api_interface_request" ("id", "api_field_name", "property_name", "required", "min_length", "max_length", "reg_exp", "default_value", "interface_id", "remarks", "comment", "min_value", "max_value") VALUES ('701', 'loginname', 'user.account', 't', NULL, NULL, '', '', '190', '', 'AG-玩家游戏账号', '', '');
INSERT INTO "game_api_interface_request" ("id", "api_field_name", "property_name", "required", "min_length", "max_length", "reg_exp", "default_value", "interface_id", "remarks", "comment", "min_value", "max_value") VALUES ('702', 'method', 'method', 't', NULL, NULL, '', '', '190', '', 'AG-方法名', '', '');
INSERT INTO "game_api_interface_request" ("id", "api_field_name", "property_name", "required", "min_length", "max_length", "reg_exp", "default_value", "interface_id", "remarks", "comment", "min_value", "max_value") VALUES ('703', 'actype', 'actype', 't', NULL, NULL, '', '1', '190', '', 'AG-钱包类型(actype=1 代表真錢账号;actype=0 代表试玩账号)', '', '');
INSERT INTO "game_api_interface_request" ("id", "api_field_name", "property_name", "required", "min_length", "max_length", "reg_exp", "default_value", "interface_id", "remarks", "comment", "min_value", "max_value") VALUES ('704', 'password', 'user.password', 't', NULL, NULL, '', '', '190', '', 'AG-玩家游戏密码', '', '');
INSERT INTO "game_api_interface_request" ("id", "api_field_name", "property_name", "required", "min_length", "max_length", "reg_exp", "default_value", "interface_id", "remarks", "comment", "min_value", "max_value") VALUES ('705', 'oddtype', 'oddtype', 't', NULL, NULL, '', 'A', '190', 'A、B、C、D、E、F、G、H 及 I', 'AG-盘口, 设定新玩家可下注的范围', '', '');
INSERT INTO "game_api_interface_request" ("id", "api_field_name", "property_name", "required", "min_length", "max_length", "reg_exp", "default_value", "interface_id", "remarks", "comment", "min_value", "max_value") VALUES ('706', 'cur', 'user.currency', 't', NULL, NULL, '', '', '190', '', 'AG-货币种类', '', '');
INSERT INTO "game_api_interface_request" ("id", "api_field_name", "property_name", "required", "min_length", "max_length", "reg_exp", "default_value", "interface_id", "remarks", "comment", "min_value", "max_value") VALUES ('707', 'cagent', 'cagent', 't', NULL, NULL, '', '', '191', '', 'AG-代理', '', '');
INSERT INTO "game_api_interface_request" ("id", "api_field_name", "property_name", "required", "min_length", "max_length", "reg_exp", "default_value", "interface_id", "remarks", "comment", "min_value", "max_value") VALUES ('708', 'loginname', 'user.account', 't', NULL, NULL, '', '', '191', '', 'AG-玩家游戏账号', '', '');
INSERT INTO "game_api_interface_request" ("id", "api_field_name", "property_name", "required", "min_length", "max_length", "reg_exp", "default_value", "interface_id", "remarks", "comment", "min_value", "max_value") VALUES ('709', 'password', 'user.password', 't', NULL, NULL, '', '', '191', '', 'AG-玩家游戏密码', '', '');
INSERT INTO "game_api_interface_request" ("id", "api_field_name", "property_name", "required", "min_length", "max_length", "reg_exp", "default_value", "interface_id", "remarks", "comment", "min_value", "max_value") VALUES ('710', 'dm', 'dm', 't', NULL, NULL, '', '', '191', '', 'AG-返回的网站域名', '', '');
INSERT INTO "game_api_interface_request" ("id", "api_field_name", "property_name", "required", "min_length", "max_length", "reg_exp", "default_value", "interface_id", "remarks", "comment", "min_value", "max_value") VALUES ('711', 'sid', 'sid', 't', NULL, NULL, '', '', '191', '', 'AG-(cagent+序列), 序列是唯一的 13~16 位数', '', '');
INSERT INTO "game_api_interface_request" ("id", "api_field_name", "property_name", "required", "min_length", "max_length", "reg_exp", "default_value", "interface_id", "remarks", "comment", "min_value", "max_value") VALUES ('712', 'actype', 'actype', 't', NULL, NULL, '', '1', '191', '', 'AG-钱包类型(actype=1 代表真錢账号;actype=0 代表试玩账号)', '', '');
INSERT INTO "game_api_interface_request" ("id", "api_field_name", "property_name", "required", "min_length", "max_length", "reg_exp", "default_value", "interface_id", "remarks", "comment", "min_value", "max_value") VALUES ('713', 'lang', 'user.locale', 't', NULL, NULL, '', '', '191', '', 'AG-语言', '', '');
INSERT INTO "game_api_interface_request" ("id", "api_field_name", "property_name", "required", "min_length", "max_length", "reg_exp", "default_value", "interface_id", "remarks", "comment", "min_value", "max_value") VALUES ('714', 'gameType', 'gameType', 'f', NULL, NULL, '', '', '191', '', 'AG-游戏类型 (AGIN 平台, 为空将导入整合页面)', '', '');
INSERT INTO "game_api_interface_request" ("id", "api_field_name", "property_name", "required", "min_length", "max_length", "reg_exp", "default_value", "interface_id", "remarks", "comment", "min_value", "max_value") VALUES ('715', 'oddtype', 'oddtype', 't', NULL, NULL, '', 'A', '191', 'A、B、C、D、E、F、G、H 及 I', 'AG-盘口, 设定新玩家可下注的范围', '', '');
INSERT INTO "game_api_interface_request" ("id", "api_field_name", "property_name", "required", "min_length", "max_length", "reg_exp", "default_value", "interface_id", "remarks", "comment", "min_value", "max_value") VALUES ('716', 'cur', 'user.currency', 't', NULL, NULL, '', '', '190', '', 'AG-货币种类', '', '');
INSERT INTO "game_api_interface_request" ("id", "api_field_name", "property_name", "required", "min_length", "max_length", "reg_exp", "default_value", "interface_id", "remarks", "comment", "min_value", "max_value") VALUES ('717', 'mh5', 'mh5', 'f', NULL, NULL, '', '', '190', '', 'AG-跳转页面配置', '', '');
INSERT INTO "game_api_interface_request" ("id", "api_field_name", "property_name", "required", "min_length", "max_length", "reg_exp", "default_value", "interface_id", "remarks", "comment", "min_value", "max_value") VALUES ('718', 'flashid', 'flashid', 'f', NULL, NULL, '', '', '190', '', 'AG-接入MG, 如进入MG电子游戏, forward game API需加上
flashid=xxx', '', '');
INSERT INTO "game_api_interface_request" ("id", "api_field_name", "property_name", "required", "min_length", "max_length", "reg_exp", "default_value", "interface_id", "remarks", "comment", "min_value", "max_value") VALUES ('719', 'Session Token', 'Session Token', 'f', NULL, NULL, '', '', '190', '', 'AG—生成方式:当用戶登陆网站,网站保存Session Token在内存用于驗證用户合法性', '', '');
INSERT INTO "game_api_interface_request" ("id", "api_field_name", "property_name", "required", "min_length", "max_length", "reg_exp", "default_value", "interface_id", "remarks", "comment", "min_value", "max_value") VALUES ('720', 'cagent', 'cagent', 't', NULL, NULL, '', '', '194', '', 'AG-代理', '', '');
INSERT INTO "game_api_interface_request" ("id", "api_field_name", "property_name", "required", "min_length", "max_length", "reg_exp", "default_value", "interface_id", "remarks", "comment", "min_value", "max_value") VALUES ('721', 'loginname', 'user.account', 't', NULL, NULL, '', '', '194', '', 'AG-玩家游戏账号', '', '');
INSERT INTO "game_api_interface_request" ("id", "api_field_name", "property_name", "required", "min_length", "max_length", "reg_exp", "default_value", "interface_id", "remarks", "comment", "min_value", "max_value") VALUES ('722', 'method', 'method', 't', NULL, NULL, '', '', '194', '', 'AG-方法名', '', '');
INSERT INTO "game_api_interface_request" ("id", "api_field_name", "property_name", "required", "min_length", "max_length", "reg_exp", "default_value", "interface_id", "remarks", "comment", "min_value", "max_value") VALUES ('723', 'credit', 'amount', 't', NULL, NULL, '', '', '194', '', 'AG-转账金额', '', '');
INSERT INTO "game_api_interface_request" ("id", "api_field_name", "property_name", "required", "min_length", "max_length", "reg_exp", "default_value", "interface_id", "remarks", "comment", "min_value", "max_value") VALUES ('724', 'type', 'type', 't', NULL, NULL, '', 'OUT', '194', '“IN” or “OUT”', 'AG-转账类型', '', '');
INSERT INTO "game_api_interface_request" ("id", "api_field_name", "property_name", "required", "min_length", "max_length", "reg_exp", "default_value", "interface_id", "remarks", "comment", "min_value", "max_value") VALUES ('725', 'billno', 'billno', 't', NULL, NULL, '', '', '194', '', 'AG-转账交易号，billno = (cagent+序列), 序列是唯一的 13~16 位数', '', '');
INSERT INTO "game_api_interface_request" ("id", "api_field_name", "property_name", "required", "min_length", "max_length", "reg_exp", "default_value", "interface_id", "remarks", "comment", "min_value", "max_value") VALUES ('726', 'actype', 'actype', 't', NULL, NULL, '', '1', '194', '', 'AG-钱包类型(actype=1 代表真錢账号;actype=0 代表试玩账号)', '', '');
INSERT INTO "game_api_interface_request" ("id", "api_field_name", "property_name", "required", "min_length", "max_length", "reg_exp", "default_value", "interface_id", "remarks", "comment", "min_value", "max_value") VALUES ('727', 'password', 'user.password', 't', NULL, NULL, '', '', '194', '', 'AG-玩家游戏密码', '', '');
INSERT INTO "game_api_interface_request" ("id", "api_field_name", "property_name", "required", "min_length", "max_length", "reg_exp", "default_value", "interface_id", "remarks", "comment", "min_value", "max_value") VALUES ('728', 'fixcredit', 'fixcredit', 'f', NULL, NULL, '', '', '194', '', 'AG-不可用额度,只有 AG 棋牌平台平台才需调用此参数', '', '');
INSERT INTO "game_api_interface_request" ("id", "api_field_name", "property_name", "required", "min_length", "max_length", "reg_exp", "default_value", "interface_id", "remarks", "comment", "min_value", "max_value") VALUES ('729', 'gameCategory', 'gameCategory', 'f', NULL, NULL, '', '0', '194', '', 'AG-只有 AG 棋牌平台平台才需调用此参数', '', '');
INSERT INTO "game_api_interface_request" ("id", "api_field_name", "property_name", "required", "min_length", "max_length", "reg_exp", "default_value", "interface_id", "remarks", "comment", "min_value", "max_value") VALUES ('730', 'cur', 'user.currency', 't', NULL, NULL, '', '', '194', '', 'AG-货币种类', '', '');
INSERT INTO "game_api_interface_request" ("id", "api_field_name", "property_name", "required", "min_length", "max_length", "reg_exp", "default_value", "interface_id", "remarks", "comment", "min_value", "max_value") VALUES ('731', 'flag', 'flag', 't', NULL, NULL, '', '1', '194', '1成功，0失败', 'AG-预备转账成功标识', '', '');
INSERT INTO "game_api_interface_request" ("id", "api_field_name", "property_name", "required", "min_length", "max_length", "reg_exp", "default_value", "interface_id", "remarks", "comment", "min_value", "max_value") VALUES ('732', 'cagent', 'cagent', 't', NULL, NULL, '', '', '195', '', 'AG-代理', '', '');
INSERT INTO "game_api_interface_request" ("id", "api_field_name", "property_name", "required", "min_length", "max_length", "reg_exp", "default_value", "interface_id", "remarks", "comment", "min_value", "max_value") VALUES ('733', 'loginname', 'user.account', 't', NULL, NULL, '', '', '195', '', 'AG-玩家游戏账号', '', '');
INSERT INTO "game_api_interface_request" ("id", "api_field_name", "property_name", "required", "min_length", "max_length", "reg_exp", "default_value", "interface_id", "remarks", "comment", "min_value", "max_value") VALUES ('734', 'method', 'method', 't', NULL, NULL, '', '', '195', '', 'AG-方法名', '', '');
INSERT INTO "game_api_interface_request" ("id", "api_field_name", "property_name", "required", "min_length", "max_length", "reg_exp", "default_value", "interface_id", "remarks", "comment", "min_value", "max_value") VALUES ('735', 'credit', 'amount', 't', NULL, NULL, '', '', '195', '', 'AG-转账金额', '', '');
INSERT INTO "game_api_interface_request" ("id", "api_field_name", "property_name", "required", "min_length", "max_length", "reg_exp", "default_value", "interface_id", "remarks", "comment", "min_value", "max_value") VALUES ('736', 'type', 'type', 't', NULL, NULL, '', 'IN', '195', '“IN” or “OUT”', 'AG-转账类型', '', '');
INSERT INTO "game_api_interface_request" ("id", "api_field_name", "property_name", "required", "min_length", "max_length", "reg_exp", "default_value", "interface_id", "remarks", "comment", "min_value", "max_value") VALUES ('737', 'billno', 'billno', 't', NULL, NULL, '', '', '195', '', 'AG-转账交易号，billno = (cagent+序列), 序列是唯一的 13~16 位数', '', '');
INSERT INTO "game_api_interface_request" ("id", "api_field_name", "property_name", "required", "min_length", "max_length", "reg_exp", "default_value", "interface_id", "remarks", "comment", "min_value", "max_value") VALUES ('738', 'actype', 'actype', 't', NULL, NULL, '', '1', '195', '', 'AG-钱包类型(actype=1 代表真錢账号;actype=0 代表试玩账号)', '', '');
INSERT INTO "game_api_interface_request" ("id", "api_field_name", "property_name", "required", "min_length", "max_length", "reg_exp", "default_value", "interface_id", "remarks", "comment", "min_value", "max_value") VALUES ('739', 'password', 'user.password', 't', NULL, NULL, '', '', '195', '', 'AG-玩家游戏密码', '', '');
INSERT INTO "game_api_interface_request" ("id", "api_field_name", "property_name", "required", "min_length", "max_length", "reg_exp", "default_value", "interface_id", "remarks", "comment", "min_value", "max_value") VALUES ('740', 'fixcredit', 'fixcredit', 'f', NULL, NULL, '', '', '195', '', 'AG-不可用额度,只有 AG 棋牌平台平台才需调用此参数', '', '');
INSERT INTO "game_api_interface_request" ("id", "api_field_name", "property_name", "required", "min_length", "max_length", "reg_exp", "default_value", "interface_id", "remarks", "comment", "min_value", "max_value") VALUES ('741', 'gameCategory', 'gameCategory', 'f', NULL, NULL, '', '0', '195', '', 'AG-只有 AG 棋牌平台平台才需调用此参数', '', '');
INSERT INTO "game_api_interface_request" ("id", "api_field_name", "property_name", "required", "min_length", "max_length", "reg_exp", "default_value", "interface_id", "remarks", "comment", "min_value", "max_value") VALUES ('742', 'cur', 'user.currency', 't', NULL, NULL, '', '', '195', '', 'AG-货币种类', '', '');
INSERT INTO "game_api_interface_request" ("id", "api_field_name", "property_name", "required", "min_length", "max_length", "reg_exp", "default_value", "interface_id", "remarks", "comment", "min_value", "max_value") VALUES ('743', 'flag', 'flag', 't', NULL, NULL, '', '1', '195', '1成功，0失败', 'AG-预备转账成功标识', '', '');
INSERT INTO "game_api_interface_request" ("id", "api_field_name", "property_name", "required", "min_length", "max_length", "reg_exp", "default_value", "interface_id", "remarks", "comment", "min_value", "max_value") VALUES ('744', 'cagent', 'cagent', 't', NULL, NULL, '', '', '196', '', 'AG-代理', '', '');
INSERT INTO "game_api_interface_request" ("id", "api_field_name", "property_name", "required", "min_length", "max_length", "reg_exp", "default_value", "interface_id", "remarks", "comment", "min_value", "max_value") VALUES ('745', 'loginname', 'loginname', 't', NULL, NULL, '', '', '196', '', 'AG-玩家游戏账号', '', '');
INSERT INTO "game_api_interface_request" ("id", "api_field_name", "property_name", "required", "min_length", "max_length", "reg_exp", "default_value", "interface_id", "remarks", "comment", "min_value", "max_value") VALUES ('746', 'method', 'method', 't', NULL, NULL, '', '', '196', '', 'AG-方法名', '', '');
INSERT INTO "game_api_interface_request" ("id", "api_field_name", "property_name", "required", "min_length", "max_length", "reg_exp", "default_value", "interface_id", "remarks", "comment", "min_value", "max_value") VALUES ('747', 'actype', 'actype', 't', NULL, NULL, '', '1', '196', '', 'AG-钱包类型(actype=1 代表真錢账号;actype=0 代表试玩账号)', '', '');
INSERT INTO "game_api_interface_request" ("id", "api_field_name", "property_name", "required", "min_length", "max_length", "reg_exp", "default_value", "interface_id", "remarks", "comment", "min_value", "max_value") VALUES ('748', 'password', 'password', 't', NULL, NULL, '', '', '196', '', 'AG-玩家游戏密码', '', '');
INSERT INTO "game_api_interface_request" ("id", "api_field_name", "property_name", "required", "min_length", "max_length", "reg_exp", "default_value", "interface_id", "remarks", "comment", "min_value", "max_value") VALUES ('749', 'cur', 'cur', 't', NULL, NULL, '', '', '196', '', 'AG-货币种类', '', '');
INSERT INTO "game_api_interface_request" ("id", "api_field_name", "property_name", "required", "min_length", "max_length", "reg_exp", "default_value", "interface_id", "remarks", "comment", "min_value", "max_value") VALUES ('755', 'billno', 'transId', 't', NULL, NULL, '', '', '195', '', 'AG-转账交易号，billno = (cagent+序列), 序列是唯一的 13~16 位数', '', '');
INSERT INTO "game_api_interface_request" ("id", "api_field_name", "property_name", "required", "min_length", "max_length", "reg_exp", "default_value", "interface_id", "remarks", "comment", "min_value", "max_value") VALUES ('760', 'cagent', 'cagent', 't', NULL, NULL, '', '', '198', '', 'AG-代理', '', '');
INSERT INTO "game_api_interface_request" ("id", "api_field_name", "property_name", "required", "min_length", "max_length", "reg_exp", "default_value", "interface_id", "remarks", "comment", "min_value", "max_value") VALUES ('763', 'actype', 'actype', 't', NULL, NULL, '1', '', '198', '', 'AG-钱包类型(actype=1 代表真錢账号;actype=0 代表试玩账号)', '', '');
INSERT INTO "game_api_interface_request" ("id", "api_field_name", "property_name", "required", "min_length", "max_length", "reg_exp", "default_value", "interface_id", "remarks", "comment", "min_value", "max_value") VALUES ('764', 'password', 'user.password', 't', NULL, NULL, '', '', '198', '', 'AG-玩家游戏密码', '', '');
INSERT INTO "game_api_interface_request" ("id", "api_field_name", "property_name", "required", "min_length", "max_length", "reg_exp", "default_value", "interface_id", "remarks", "comment", "min_value", "max_value") VALUES ('768', 'method', 'method', 't', NULL, NULL, '', '', '198', '', 'AG-方法名', '', '');
INSERT INTO "game_api_interface_request" ("id", "api_field_name", "property_name", "required", "min_length", "max_length", "reg_exp", "default_value", "interface_id", "remarks", "comment", "min_value", "max_value") VALUES ('769', 'actype', 'actype', 't', NULL, NULL, '', '1', '198', '', 'AG-钱包类型(actype=1 代表真錢账号;actype=0 代表试玩账号)', '', '');
INSERT INTO "game_api_interface_request" ("id", "api_field_name", "property_name", "required", "min_length", "max_length", "reg_exp", "default_value", "interface_id", "remarks", "comment", "min_value", "max_value") VALUES ('770', 'cur', 'user.currency', 't', NULL, NULL, '', '', '198', '', 'AG-货币种类', '', '');
INSERT INTO "game_api_interface_request" ("id", "api_field_name", "property_name", "required", "min_length", "max_length", "reg_exp", "default_value", "interface_id", "remarks", "comment", "min_value", "max_value") VALUES ('821', 'cagent', 'cagent', 't', NULL, NULL, '', '', '200', '', 'AG-代理', '', '');
INSERT INTO "game_api_interface_request" ("id", "api_field_name", "property_name", "required", "min_length", "max_length", "reg_exp", "default_value", "interface_id", "remarks", "comment", "min_value", "max_value") VALUES ('820', 'loginname', 'user.account', 't', NULL, NULL, '', '', '200', '', 'AG-玩家游戏账号', '', '');
INSERT INTO "game_api_interface_request" ("id", "api_field_name", "property_name", "required", "min_length", "max_length", "reg_exp", "default_value", "interface_id", "remarks", "comment", "min_value", "max_value") VALUES ('819', 'method', 'method', 't', NULL, NULL, '', '', '200', '', 'AG-方法名', '', '');
INSERT INTO "game_api_interface_request" ("id", "api_field_name", "property_name", "required", "min_length", "max_length", "reg_exp", "default_value", "interface_id", "remarks", "comment", "min_value", "max_value") VALUES ('818', 'credit', 'amount', 't', NULL, NULL, '', '', '200', '', 'AG-转账金额', '', '');
INSERT INTO "game_api_interface_request" ("id", "api_field_name", "property_name", "required", "min_length", "max_length", "reg_exp", "default_value", "interface_id", "remarks", "comment", "min_value", "max_value") VALUES ('817', 'type', 'type', 't', NULL, NULL, '', '', '200', '“IN” or “OUT”', 'AG-转账类型', '', '');
INSERT INTO "game_api_interface_request" ("id", "api_field_name", "property_name", "required", "min_length", "max_length", "reg_exp", "default_value", "interface_id", "remarks", "comment", "min_value", "max_value") VALUES ('816', 'billno', 'billno', 't', NULL, NULL, '', '', '200', '', 'AG-转账交易号，billno = (cagent+序列), 序列是唯一的 13~16 位数', '', '');
INSERT INTO "game_api_interface_request" ("id", "api_field_name", "property_name", "required", "min_length", "max_length", "reg_exp", "default_value", "interface_id", "remarks", "comment", "min_value", "max_value") VALUES ('815', 'actype', 'actype', 't', NULL, NULL, '', '1', '200', '', 'AG-钱包类型(actype=1 代表真錢账号;actype=0 代表试玩账号)', '', '');
INSERT INTO "game_api_interface_request" ("id", "api_field_name", "property_name", "required", "min_length", "max_length", "reg_exp", "default_value", "interface_id", "remarks", "comment", "min_value", "max_value") VALUES ('814', 'password', 'user.password', 't', NULL, NULL, '', '', '200', '', 'AG-玩家游戏密码', '', '');
INSERT INTO "game_api_interface_request" ("id", "api_field_name", "property_name", "required", "min_length", "max_length", "reg_exp", "default_value", "interface_id", "remarks", "comment", "min_value", "max_value") VALUES ('813', 'fixcredit', 'fixcredit', 'f', NULL, NULL, '', '', '200', '', 'AG-不可用额度,只有 AG 棋牌平台平台才需调用此参数', '', '');
INSERT INTO "game_api_interface_request" ("id", "api_field_name", "property_name", "required", "min_length", "max_length", "reg_exp", "default_value", "interface_id", "remarks", "comment", "min_value", "max_value") VALUES ('812', 'gameCategory', 'gameCategory', 'f', NULL, NULL, '', '0', '200', '', 'AG-只有 AG 棋牌平台平台才需调用此参数', '', '');
INSERT INTO "game_api_interface_request" ("id", "api_field_name", "property_name", "required", "min_length", "max_length", "reg_exp", "default_value", "interface_id", "remarks", "comment", "min_value", "max_value") VALUES ('811', 'cur', 'user.currency', 't', NULL, NULL, '', '', '200', '', 'AG-货币种类', '', '');
INSERT INTO "game_api_interface_request" ("id", "api_field_name", "property_name", "required", "min_length", "max_length", "reg_exp", "default_value", "interface_id", "remarks", "comment", "min_value", "max_value") VALUES ('810', 'flag', 'flag', 't', NULL, NULL, '', '1', '200', '1成功，0失败', 'AG-预备转账成功标识', '', '');
INSERT INTO "game_api_interface_request" ("id", "api_field_name", "property_name", "required", "min_length", "max_length", "reg_exp", "default_value", "interface_id", "remarks", "comment", "min_value", "max_value") VALUES ('831', 'startTime', 'startTime', 't', NULL, NULL, '', '', '197', '', 'AG-查询开始时间', '', '');


INSERT INTO "game_api_interface_response" ("id", "api_field_name", "property_name", "comment", "interface_id") VALUES ('1', 'request', NULL, '原请求', '2');
INSERT INTO "game_api_interface_response" ("id", "api_field_name", "property_name", "comment", "interface_id") VALUES ('2', 'logId', NULL, 'API日志ID', '2');
INSERT INTO "game_api_interface_response" ("id", "api_field_name", "property_name", "comment", "interface_id") VALUES ('6', 'params', NULL, '参数', '2');
INSERT INTO "game_api_interface_response" ("id", "api_field_name", "property_name", "comment", "interface_id") VALUES ('8', 'link', NULL, '游戏平台地址', '2');
INSERT INTO "game_api_interface_response" ("id", "api_field_name", "property_name", "comment", "interface_id") VALUES ('3', 'errorCode', 'errCode', '错误代码', '2');
INSERT INTO "game_api_interface_response" ("id", "api_field_name", "property_name", "comment", "interface_id") VALUES ('5', 'errorMessage', 'errMsg', '错误消息', '2');
INSERT INTO "game_api_interface_response" ("id", "api_field_name", "property_name", "comment", "interface_id") VALUES ('9', 'link', 'link', 'MG-游戏平台地址', '21');
INSERT INTO "game_api_interface_response" ("id", "api_field_name", "property_name", "comment", "interface_id") VALUES ('10', 'code', 'errCode', '错误代码', '21');
INSERT INTO "game_api_interface_response" ("id", "api_field_name", "property_name", "comment", "interface_id") VALUES ('11', 'message', 'errMsg', '错误消息', '21');
INSERT INTO "game_api_interface_response" ("id", "api_field_name", "property_name", "comment", "interface_id") VALUES ('12', 'id', 'member_id', 'MG-玩家ID', '21');

--更新所有版本号
update game_api_provider set jar_version=to_char(CURRENT_TIMESTAMP, 'yyyymmddhhmmss');

--生产环境
--DS--真实环境
update game_api_provider set api_url='http://3rd.game.api.com/ds-api/dsapi/app/api.do'  where id=1;
update game_api_provider set jar_url='file:/data/impl-jars/api-ds.jar'  where id=1;
update game_api_provider set ext_json='{"hashCode":"xkk8899_q8p0n9u_0g3k5k_1c1w3j7y9k7a5"}'  where id=1;



--KG--真实环境
update game_api_provider set api_url='http://3rd.game.api.com/kg-api'  where id=2;
update game_api_provider set jar_url='file:/data/impl-jars/api-kg.jar'  where id=2;
update game_api_provider set ext_json ='{"VendorId":"104","VendorSite":"http://kenohopegroup0.com","Token":"YXRnmKqVYCgeJQww","FundLink":"","recordUrl":"http://3rd.game.api.com/kg-record-api","search-minute":"10"}' where id='2';


update game_api_interface set api_action='player_enter_keno.php' where provider_id=2 and id=30;
update game_api_interface set api_action='player_enter_keno.php' where provider_id=2 and id=31;
update game_api_interface set api_action='player_get_credit.php' where provider_id=2 and id=34;
update game_api_interface set api_action='GameInfo.php' where provider_id=2 and id=35;


--MG--真实环境
update game_api_provider set api_url='http://3rd.game.api.com/mg-api'  where id=3;
update game_api_provider set jar_url='file:/data/impl-jars/api-mg.jar'  where id=3;
update game_api_provider set ext_json='{"username":"DawooCNY","password":"Password123","defaultApiUser":"apiadmin","defaultApiPassword":"apipassword","currencyCode":"CNY","SH_NET_ID":"81119847","horid":"81119836","ipaddress":"202.181.174.37","parentID":"Dawoo","search-setting":{"ahead-minute":20,"backward-minute":60,"auto-settled":true,"settled-after-bet-minute":10},"API_URL":"/lps/j_spring_security_check","headers":{"X-Requested-With":"X-Api-Client","X-Api-Call":"X-Api-Client"},"additional":{"currencyFormat":"%23%2C%23%23%23.%23%23"},"links":{"live":"https://etiloader3.valueactive.eu/ETILoader/default.aspx?token=%s&casinoid=%s&UL=%s&VideoQuality=3&ModuleID=70004&ClientID=4&ClientType=1&UserType=0&ProductID=2&BetProfileID=0&ActiveCurrency=Credits&LoginName=&Password=&StartingTab=Baccarat&CustomLDParam=MultiTableMode^^1","ele":"https://launch88.gameassists.co.uk/aurora/?theme=158poker&ul=%s&variant=vanguard&AuthToken=%s&gameid=%s","html5":"http://mobile3.gameassists.co.uk/MobileWebServices/casino/game/launch/mobile88/%s/%s?casinoID=2487&lobbyURL=%s&bankingURL=%s&loginType=VanguardSessionToken&authToken=%s&isRGI=true&currencyFormat=%s"}}'  where id=3;

update game_api_interface set api_action='/member-api-web/member-api' where provider_id=3 and api_action like '/member-api-web/member-api%';
update game_api_interface set api_action='/lps/secure/network/81119847/downline' where provider_id=3 and id=21;
update game_api_interface set api_action='/lps/secure/hortx/' where provider_id=3 and id=26;
update game_api_interface set ext_json='{"headers":{"X-Requested-With":"X-Api-Client","X-Api-Call":"X-Api-Client","Content-Type":"application/json"},"additional":{"crId":"81119836","crType":"hor","neId":"81119847","neType":"sh","tarType":"m","mobile":"","email":"","casino":{"enable":true},"poker":{"enable":false}}}' where provider_id=3 and id=21;

--IM--真实环境
update game_api_provider set api_url='http://3rd.game.api.com/im-api/externalapi.asmx'  where id=4;
update game_api_provider set jar_url='file:/data/impl-jars/api-im.jar'  where id=4;
update game_api_provider set ext_json='{"pageDomain":"http://picacdquoteamp0.com","accessCode":"88e8ad5a5dac3f34"}'  where id=4;

--GD--真实环境
update game_api_provider set api_url ='http://3rd.game.api.com/gd-api/MerchantAPI/ewallet.php' where id=5;
update game_api_provider set jar_url='file:/data/impl-jars/api-gd.jar'  where id=5;
update game_api_provider set ext_json='{"MerchantID":"Dawoo","AccessKey":"3885731c-97ee-439c-8ea1-eedc0b3551e6","gameUrl":"dawoo2.1654168.com","setNum":"500","search-minute":"10"}' where id=5;


--OG--真实环境
update game_api_provider set api_url ='http://3rd.game.api.com/og-api/cashapi' where id=7;
update game_api_provider set jar_url='file:/data/impl-jars/api-og.jar'  where id=7;
update game_api_interface set api_action='DoBusiness.aspx' where provider_id=7 and id!=155;
update game_api_interface set api_action='getdata.aspx' where provider_id=7 and id=155;
update game_api_provider set ext_json='{"agent":"og037dai","UserKey":"a3jkm5w2za78","loginurl":"http://cashapi.673ing.com/cashapi/DoBusiness.aspx","setNum":"500"}' where id=7 ;

--PT--有差异
update game_api_provider set api_url ='http://3rd.game.api.com/pt-api' where id=6;
update game_api_provider set jar_url='file:/data/impl-jars/api-pt.jar'  where id=6;
update game_api_provider set ext_json ='{"merchantname":"dawooprod","merchantcode":"QXk2MRtViePbJQSS8YCg781QU5yLDmgr","loginurl":"http://ampinplayopt0matrix.com/api/pt/login.html?key={0}","setNum":"500","search-minute":"10"}' where id=6;

--SLC--真实环境
update game_api_provider set api_url ='http://3rd.game.api.com/slc-api/GameConsumerAPIWebService.asmx' where id=8;
update game_api_provider set jar_url='file:/data/impl-jars/api-slc.jar'  where id=8;
update game_api_provider set ext_json ='{"consumerId":"34","consumerPassword":"842452","prefix":"LZV","loginurl":"http://slc.slcpicdance.info/Main/ValidateTicket/?ticket={0}&lang={1}","xmlns":"http://lucky-89.com/webservices","setNum":"100","search-minute":"10"}' where id=8;

--AG--真实环境
update game_api_provider set api_url ='http://3rd.game.api.com/ag-api/doBusiness.do?params={0}&key={1}' where id=9;
update game_api_provider set ext_json ='{"cagent":"H48_AGIN","Encrypt_key":"YDEZF2Nf","MD5_key":"lHNkkp0DX8La","loginurl":"http://gci.ampinplayopt0matrix.com:81/forwardGame.do?params={0}&key={1}","dm":"http://gci.ampinplayopt0matrix.com","search-minute":"16","setNum":"500","ftprootPath":"/AGIN/"}'  where id=9;
update game_api_provider set jar_url='file:/data/impl-jars/api-ag.jar'  where id=9;
